case_num,source_rank,source_cost,status,r_src_cost,r_tgt_cost,PFT7_leaf_src,PFT7_leaf_tgt,PFT7_leaf_delta,PFT7_leaf_rel_change,PFT7_fineroot_src,PFT7_fineroot_tgt,PFT7_fineroot_delta,PFT7_fineroot_rel_change,PFT9_leaf_src,PFT9_leaf_tgt,PFT9_leaf_delta,PFT9_leaf_rel_change,PFT9_fineroot_src,PFT9_fineroot_tgt,PFT9_fineroot_delta,PFT9_fineroot_rel_change,PFT10_leaf_src,PFT10_leaf_tgt,PFT10_leaf_delta,PFT10_leaf_rel_change,PFT10_fineroot_src,PFT10_fineroot_tgt,PFT10_fineroot_delta,PFT10_fineroot_rel_change
2939,1,0.4691,ok,0.4691,0.9999,29.291247949004173,0.0026906566290563205,-29.288557292375117,-0.9999081412770893,108.19211602210999,0.0450411498604808,-108.1470748722495,-0.9995836928649101,90.01829475164413,0.0,-90.01829475164413,-1.0,192.4160271883011,0.0,-192.4160271883011,-1.0,18.467456102371216,0.0,-18.467456102371216,-1.0,123.50951135158539,0.0,-123.50951135158539,-1.0
86,2,0.5630,ok,0.563,0.5531,31.01477585732937,27.91420742869377,-3.1005684286355972,-0.09997068632378574,150.65200626850128,127.27105617523193,-23.380950093269348,-0.1551983984308737,123.15572798252106,97.04706817865372,-26.10865980386734,-0.2119971212997322,224.2557555437088,167.0433133840561,-57.21244215965271,-0.2551213993190095,4.679068457335234,9.927588514983654,5.24852005764842,1.1217019168463918,22.641118615865707,17.83338375389576,-4.807734861969948,-0.2123452883905188
82,3,0.5675,ok,0.5675,0.673,26.524245738983154,12.13112659752369,-14.393119141459465,-0.5426400917521904,87.5554233789444,33.85142609477043,-53.703997284173965,-0.6133714533220894,154.2452722787857,66.42129272222519,-87.82397955656052,-0.5693787450277624,239.32506144046783,114.08855766057968,-125.23650377988815,-0.5232903859967911,12.440192513167858,16.921391710639,4.481199197471142,0.36021944135734424,35.28435528278351,38.425181061029434,3.140825778245926,0.08901468520748193
83,4,0.5783,ok,0.5783,0.639,15.880083665251732,13.901814818382263,-1.9782688468694687,-0.1245754675208828,90.34664928913116,58.249346911907196,-32.09730237722397,-0.3552683207376604,118.52482706308365,67.68880784511566,-50.83601921796799,-0.42890608219078885,200.21678507328033,113.58439922332764,-86.6323858499527,-0.43269292241529506,10.138731449842453,16.491077840328217,6.3523463904857635,0.6265425237774173,24.989083409309387,37.371519953012466,12.38243654370308,0.495513834616685
4568,5,0.5906,ok,0.5906,1.0,17.636409029364586,1.678341132738126e-06,-17.636407351023454,-0.9999999048365725,87.22377568483353,0.05046860678703524,-87.17330707804649,-0.9994213893357541,82.74240046739578,0.0,-82.74240046739578,-1.0,194.6520209312439,3.43543110625788e-08,-194.65202089688958,-0.9999999998235091,14.591299928724766,0.0,-14.591299928724766,-1.0,5.489111877977848,0.0,-5.489111877977848,-1.0
320,6,0.5913,tgt_missing,0.5913,,16.865629702806473,,,,99.04539585113525,,,,82.06279575824738,,,,204.198956489563,,,,10.998079553246498,,,,12.295172549784184,,,
321,7,0.5913,tgt_missing,0.5913,,16.865629702806473,,,,99.04539585113525,,,,82.06279575824738,,,,204.198956489563,,,,10.998079553246498,,,,12.295172549784184,,,
1386,8,0.6013,ok,0.6013,0.8191,11.577538214623928,9.140619076788425,-2.4369191378355026,-0.2104868144384407,15.579866245388985,1.8401803681626916,-13.739685877226293,-0.881887280726347,31.177055090665817,171.31869494915009,140.14163985848427,4.495024929421305,191.86045229434967,347.90486097335815,156.04440867900848,0.8133224268626621,69.4570541381836,8.396179415285587,-61.060874722898006,-0.8791169663115638,119.47136372327805,5.5385855957865715,-113.93277812749147,-0.9536408941592468
1385,9,0.6013,ok,0.6013,0.8191,11.577538214623928,9.140619076788425,-2.4369191378355026,-0.2104868144384407,15.579866245388985,1.8401803681626916,-13.739685877226293,-0.881887280726347,31.177055090665817,171.31869494915009,140.14163985848427,4.495024929421305,191.86045229434967,347.90486097335815,156.04440867900848,0.8133224268626621,69.4570541381836,8.396179415285587,-61.060874722898006,-0.8791169663115638,119.47136372327805,5.5385855957865715,-113.93277812749147,-0.9536408941592468
4670,10,0.6016,ok,0.6016,2.6477,22.21336029469967,174.20795559883118,151.9945953041315,6.842485481154283,109.05341804027557,2.202265430241823,-106.85115261003375,-0.9798056267303012,125.4662424325943,4.743232857435942,-120.72300957515836,-0.9621951469536979,218.34442019462585,0.04845155490329489,-218.29596863972256,-0.9997780957495497,0.17101361299864948,0.0005725711957893509,-0.17044104180286013,-0.9966518969703665,0.17380186181981117,6.648581774015838e-05,-0.173735376002071,-0.9996174619935367
3891,11,0.6031,ok,0.6031,0.8854,29.767027124762535,4.074035212397575,-25.69299191236496,-0.863135972721694,131.5905749797821,0.04074034950463101,-131.54983463027747,-0.9996904007030071,108.63811522722244,145.98685503005981,37.34873980283737,0.3437903881590773,114.64382708072662,1.8321272218599916,-112.81169985886663,-0.9840189631791523,3.7093532737344503,0.053344912885222584,-3.6560083608492278,-0.9856188103562548,0.43353118235245347,0.000535565675363614,-0.43299561667708986,-0.99876464324329
316,12,0.6037,tgt_missing,0.6037,,14.748210087418556,,,,93.65492314100266,,,,74.51347261667252,,,,172.453835606575,,,,9.535806253552437,,,,27.269843965768814,,,
317,13,0.6049,tgt_missing,0.6049,,18.35743896663189,,,,83.89663696289062,,,,73.21135699748993,,,,173.21035265922546,,,,9.072447195649147,,,,20.708635449409485,,,
852,14,0.6062,ok,0.6062,0.6882,6.509074475616217,6.461051758378744,-0.048022717237472534,-0.007377810381087428,10.776202194392681,3.432219848036766,-7.343982346355915,-0.6815000511198002,36.5624837577343,124.44916367530823,87.88667991757393,2.4037393219759773,106.5964326262474,190.25740027427673,83.66096764802933,0.7848383438999754,72.30257987976074,34.30706635117531,-37.995513528585434,-0.5255070232870253,271.33139967918396,0.9345901198685169,-270.39680955931544,-0.9965555401218821
851,15,0.6062,ok,0.6062,0.6882,6.509074475616217,6.461051758378744,-0.048022717237472534,-0.007377810381087428,10.776202194392681,3.432219848036766,-7.343982346355915,-0.6815000511198002,36.5624837577343,124.44916367530823,87.88667991757393,2.4037393219759773,106.5964326262474,190.25740027427673,83.66096764802933,0.7848383438999754,72.30257987976074,34.30706635117531,-37.995513528585434,-0.5255070232870253,271.33139967918396,0.9345901198685169,-270.39680955931544,-0.9965555401218821
302,16,0.6066,tgt_missing,0.6066,,26.833364740014076,,,,219.97211873531342,,,,48.25679212808609,,,,134.18996334075928,,,,10.473689995706081,,,,17.25284568965435,,,
3517,17,0.6067,ok,0.6067,0.6792,22.093558683991432,19.737524911761284,-2.3560337722301483,-0.10663894422482897,64.47986513376236,85.47552675008774,20.99566161632538,0.3256157805660766,34.846920520067215,24.326059967279434,-10.52086055278778,-0.301916507851222,105.76903820037842,71.58657163381577,-34.18246656656265,-0.3231802723005224,42.42406040430069,23.399708792567253,-19.024351611733437,-0.4484330691223715,28.57288531959057,14.364567585289478,-14.20831773430109,-0.4972657670158138
3893,18,0.6075,ok,0.6075,0.8856,35.00909358263016,4.050147254019976,-30.958946328610182,-0.8843115648092795,127.38171219825745,0.040501476178178564,-127.34121072207927,-0.999682046382646,122.4251538515091,146.02692425251007,23.601770401000977,0.19278530317084872,170.52030563354492,1.7508063465356827,-168.76949928700924,-0.9897325638724913,1.9608328584581614,0.05816202246933244,-1.902670835988829,-0.9703381029043616,0.18374755745753646,0.0005840411176905036,-0.18316351633984596,-0.9968215026867746
466,19,0.6078,ok,0.6078,0.7317,22.717338055372238,11.094477958977222,-11.622860096395016,-0.5116294905708119,138.841912150383,59.517741203308105,-79.32417094707489,-0.5713272722804119,15.848517417907715,11.017123237252235,-4.831394180655479,-0.3048483371193032,42.2004759311676,19.948875531554222,-22.25160039961338,-0.5272831623014761,93.01827102899551,115.04936218261719,22.031091153621674,0.23684692168438795,42.075835168361664,63.54033201932907,21.464496850967407,0.510138343423955
3896,20,0.6096,ok,0.6096,0.8853,35.13401001691818,4.125697072595358,-31.008312944322824,-0.88257255375607,151.5030711889267,0.04125699706492014,-151.46181419186178,-0.9997276821074242,115.50549417734146,147.0431089401245,31.53761476278305,0.27303995353122984,132.52274692058563,1.8884290475398302,-130.6343178730458,-0.9857501516424839,2.636379562318325,0.053112395107746124,-2.583267167210579,-0.9798540407963711,0.3113795828539878,0.0005323348659658222,-0.310847247988022,-0.9982903989366078
3897,21,0.6101,ok,0.6101,0.8853,24.00330640375614,4.0398514829576015,-19.96345492079854,-0.8316960415784457,93.15338730812073,0.04039857958559878,-93.11298872853513,-0.999566321947564,123.1616735458374,145.92432975769043,22.762656211853027,0.18481931559156176,122.04659730195999,2.1068407222628593,-119.93975657969713,-0.9827374071146756,4.215574357658625,0.05385753684095107,-4.161716820817674,-0.9872241520913738,1.2185131199657917,0.0005400399913924048,-1.2179730799743993,-0.999556804122546
1403,22,0.6101,ok,0.6101,0.8986,6.8463897332549095,6.914763245731592,0.06837351247668266,0.00998679817255693,21.60642296075821,4.296627826988697,-17.309795133769512,-0.8011411775659362,51.74633860588074,168.6788648366928,116.93252623081207,2.2597256034173445,255.8121681213379,414.8580729961395,159.04590487480164,0.6217292400233374,51.0435588657856,5.860715638846159,-45.18284322693944,-0.885182072545992,164.51995074748993,16.493286937475204,-148.02666381001472,-0.899749016076539
464,23,0.6104,ok,0.6104,0.5977,23.149488493800163,19.98010091483593,-3.1693875789642334,-0.13690961594304993,138.825923204422,111.92721128463745,-26.898711919784546,-0.19375856683608025,16.76725409924984,20.568152889609337,3.800898790359497,0.2266858227269036,37.809863686561584,51.11486464738846,13.305000960826874,0.3518923281798487,81.71813189983368,91.11880511045456,9.40067321062088,0.11503778894681284,39.305880665779114,52.39262804389,13.086747378110886,0.3329462959852876
465,24,0.6129,ok,0.6129,0.6243,22.86289632320404,17.604397609829903,-5.258498713374138,-0.2300014240994119,140.5525803565979,94.34543550014496,-46.20714485645294,-0.32875344400807266,16.468053683638573,19.717248156666756,3.249194473028183,0.19730288323363554,36.15719452500343,44.755805283784866,8.598610758781433,0.23781188977024528,80.42782545089722,97.86216914653778,17.434343695640564,0.2167700493939697,38.90075907111168,56.40387535095215,17.50311627984047,0.44994279540520743
4565,25,0.6130,ok,0.613,0.8252,16.548508778214455,31.673982739448547,15.125473961234093,0.9140082749417435,129.76545095443726,181.7767173051834,52.011266350746155,0.40080981469411414,40.94897583127022,0.0,-40.94897583127022,-1.0,113.8678565621376,9.355286684220587e-08,-113.86785646858473,-0.9999999991784084,16.135305166244507,0.0,-16.135305166244507,-1.0,33.83556380867958,0.0,-33.83556380867958,-1.0
3945,26,0.6140,ok,0.614,0.8463,25.32532997429371,18.28453317284584,-7.040796801447868,-0.27801402029488176,160.68795323371887,0.9188372059725225,-159.76911602774635,-0.9942818538198935,90.4063880443573,202.73713767528534,112.33074963092804,1.2425089870398727,89.42532539367676,14.446615241467953,-74.9787101522088,-0.8384505152442032,1.5315520577132702,0.030397393857128918,-1.5011546638561413,-0.980152555896458,11.115987785160542,0.0014780300716665806,-11.114509755088875,-0.9998670356516909
81,27,0.6162,ok,0.6162,0.6575,15.86979255080223,13.074214570224285,-2.7955779805779457,-0.17615718489254145,58.444250375032425,50.52240937948227,-7.921840995550156,-0.13554525799742984,111.63138598203659,66.90233200788498,-44.72905397415161,-0.4006852873917492,191.18891656398773,115.4496893286705,-75.73922723531723,-0.3961486293059701,5.92259643599391,14.677727594971657,8.755131158977747,1.4782589449737666,32.19303861260414,33.37294980883598,1.179911196231842,0.036651128538387985
460,28,0.6168,ok,0.6168,0.6384,24.22161027789116,14.902063645422459,-9.3195466324687,-0.38476164571830035,173.5580861568451,100.0475063920021,-73.51057976484299,-0.42355030176128583,15.272031538188457,22.63110689818859,7.3590753600001335,0.4818661709542969,37.791017442941666,41.23808443546295,3.447066992521286,0.09121392398936601,74.2170512676239,93.39972585439682,19.18267458677292,0.25846721554054897,26.837846264243126,37.23645955324173,10.398613288998604,0.3874607964668533
461,29,0.6168,ok,0.6168,0.6384,24.22161027789116,14.902063645422459,-9.3195466324687,-0.38476164571830035,173.5580861568451,100.0475063920021,-73.51057976484299,-0.42355030176128583,15.272031538188457,22.63110689818859,7.3590753600001335,0.4818661709542969,37.791017442941666,41.23808443546295,3.447066992521286,0.09121392398936601,74.2170512676239,93.39972585439682,19.18267458677292,0.25846721554054897,26.837846264243126,37.23645955324173,10.398613288998604,0.3874607964668533
318,30,0.6183,tgt_missing,0.6183,,17.77898147702217,,,,86.10399812459946,,,,66.32885336875916,,,,162.38871216773987,,,,7.800177671015263,,,,18.655112013220787,,,
4566,31,0.6191,ok,0.6191,0.9993,16.6519396007061,0.018138920495403,-16.633800680210697,-0.9989107022406787,116.14330857992172,0.6121956394053996,-115.53111294051632,-0.9947289633222035,59.53788384795189,0.0,-59.53788384795189,-1.0,151.84445679187775,7.135403379265881e-08,-151.8444567205237,-0.9999999995300847,2.082251477986574,0.0,-2.082251477986574,-1.0,34.90747883915901,0.0,-34.90747883915901,-1.0
4567,32,0.6191,ok,0.6191,0.9993,16.6519396007061,0.018138920495403,-16.633800680210697,-0.9989107022406787,116.14330857992172,0.6121956394053996,-115.53111294051632,-0.9947289633222035,59.53788384795189,0.0,-59.53788384795189,-1.0,151.84445679187775,7.135403379265881e-08,-151.8444567205237,-0.9999999995300847,2.082251477986574,0.0,-2.082251477986574,-1.0,34.90747883915901,0.0,-34.90747883915901,-1.0
3043,33,0.6197,ok,0.6197,0.7233,16.364507377147675,12.254543602466583,-4.109963774681091,-0.25115108447569146,73.46037775278091,16.486814245581627,-56.97356350719929,-0.7755686160359079,151.10966563224792,173.79622161388397,22.686555981636047,0.15013305658982656,149.40445125102997,167.6933318376541,18.288880586624146,0.12241188554613472,9.365715086460114,4.032267723232508,-5.333447363227606,-0.5694650450063442,2.5541046634316444,0.5258620949462056,-2.028242568485439,-0.7941109843792902
319,34,0.6207,tgt_missing,0.6207,,13.935299590229988,,,,78.87900620698929,,,,111.14576458930969,,,,246.29192054271698,,,,8.648576214909554,,,,17.13746413588524,,,
21,35,0.6215,ok,0.6215,0.8154,20.76636627316475,1.882281620055437,-18.884084653109312,-0.9093591244950828,229.66763377189636,4.80352807790041,-224.86410569399595,-0.9790848714770527,89.28593248128891,157.86127746105194,68.57534497976303,0.7680419868396843,122.3127692937851,120.04075199365616,-2.2720173001289368,-0.018575471009668176,0.24459886481054127,0.31702060368843377,0.0724217388778925,0.29608370804986417,0.5201908061280847,0.17234979895874858,-0.3478410071693361,-0.6686796519115882
3894,36,0.6221,ok,0.6221,0.8838,34.39655900001526,4.223145544528961,-30.173413455486298,-0.8772218597643128,150.7127434015274,0.04223145515425131,-150.67051194637315,-0.999719788425311,109.75819826126099,145.62149345874786,35.86329519748688,0.3267482134876186,101.48489475250244,2.337585436180234,-99.14730931632221,-0.9769661737159895,3.340131137520075,0.05533430885407142,-3.2847968286660034,-0.9834334921067934,0.40802842704579234,0.0005557192253036192,-0.4074727078204887,-0.9986380379687584
3939,37,0.6245,ok,0.6245,0.8491,24.50835518538952,44.33377832174301,19.825423136353493,0.8089250782595266,175.62295496463776,2.3330645635724068,-173.28989040106535,-0.986715491923922,46.159759163856506,173.61441254615784,127.45465338230133,2.7611637428580744,98.31936657428741,46.664245426654816,-51.6551211476326,-0.5253809391520379,0.7907826802693307,0.5959530244581401,-0.1948296558111906,-0.24637572454777848,54.14570868015289,0.03056408604606986,-54.11514459410682,-0.9994355215437918
4666,38,0.6249,ok,0.6249,2.6452,20.238390192389488,174.04815554618835,153.80976535379887,7.5999011725566,128.28625738620758,2.139620715752244,-126.14663667045534,-0.9833215126908653,74.71858710050583,4.80653578415513,-69.9120513163507,-0.9356714845572529,242.9334968328476,0.049700938689056784,-242.88379589415854,-0.9997954133977528,0.05991797661408782,0.0007315624657167064,-0.059186414148371114,-0.9877906013010342,0.8286726078949869,0.0013160914704712923,-0.8273565164245156,-0.9984118076814262
1434,39,0.6271,ok,0.6271,0.63,24.220721796154976,22.423485293984413,-1.7972365021705627,-0.07420243365562594,14.58191592246294,14.330385252833366,-0.2515306696295738,-0.017249493891409666,143.8642144203186,145.78910171985626,1.9248872995376587,0.013379889552754532,95.74873000383377,95.62745690345764,-0.12127310037612915,-0.001266576594501811,39.49493542313576,39.713963866233826,0.21902844309806824,0.005545734934149644,3.0253659933805466,1.3216215884312987,-1.7037444049492478,-0.5631531552470062
4344,40,0.6288,ok,0.6288,2.3585,9.839816018939018,158.31655263900757,148.47673662006855,15.089381380128499,46.05966806411743,80.00963181257248,33.94996374845505,0.7370865917052408,34.207481890916824,21.170077845454216,-13.037404045462608,-0.381127265872337,162.25147247314453,29.932638630270958,-132.31883384287357,-0.815516998557746,14.659321866929531,0.0020686766220023856,-14.657253190307529,-0.9998588831979555,190.6202733516693,0.00011452839743242293,-190.62015882327188,-0.9999993991803945
4665,41,0.6290,ok,0.629,2.6351,19.72048170864582,173.41354489326477,153.69306318461895,7.79357550466108,179.8669844865799,2.6421959046274424,-177.22478858195245,-0.9853102785251588,53.965579718351364,4.77598374709487,-49.189595971256495,-0.9114994451644747,212.44150400161743,0.048805992264533415,-212.3926980093529,-0.9997702615009534,0.08911726763471961,0.0005031440082348126,-0.0886141236264848,-0.9943541356059397,0.6581400521099567,0.0010301660040568095,-0.6571098861058999,-0.9984347313299743
4889,42,0.6293,ok,0.6293,0.6733,16.778836026787758,21.251482889056206,4.472646862268448,0.26656478763650676,59.47538837790489,39.266884326934814,-20.208504050970078,-0.3397792700833802,101.4830470085144,69.98782604932785,-31.495220959186554,-0.3103495794380722,198.50772619247437,277.3347795009613,78.82705330848694,0.39709816247683843,8.31106211990118,14.260666444897652,5.949604324996471,0.7158657027421199,0.9228039416484535,1.2035740073770285,0.280770065728575,0.30425754925474263
4668,43,0.6295,ok,0.6295,2.7701,27.168815955519676,99.65761750936508,72.4888015538454,2.6680883580838723,124.97948110103607,1177.9695749282837,1052.9900938272476,8.42530377427306,90.9121185541153,28.57988327741623,-62.332235276699066,-0.6856317536984456,275.0661075115204,8.326300419867039,-266.73980709165335,-0.9697298206049674,0.10057691542897373,0.145915022585541,0.045338107156567276,0.4507804496011267,0.8116934914141893,0.39411455509252846,-0.4175789363216609,-0.5144539666002811
4669,44,0.6295,ok,0.6295,2.7701,27.168815955519676,99.65761750936508,72.4888015538454,2.6680883580838723,124.97948110103607,1177.9695749282837,1052.9900938272476,8.42530377427306,90.9121185541153,28.57988327741623,-62.332235276699066,-0.6856317536984456,275.0661075115204,8.326300419867039,-266.73980709165335,-0.9697298206049674,0.10057691542897373,0.145915022585541,0.045338107156567276,0.4507804496011267,0.8116934914141893,0.39411455509252846,-0.4175789363216609,-0.5144539666002811
4884,45,0.6297,ok,0.6297,0.6766,16.71057939529419,13.356580398976803,-3.3539989963173866,-0.20071111341967562,82.37060159444809,22.811582311987877,-59.55901928246021,-0.7230616036495549,52.385348826646805,97.72048890590668,45.33514007925987,0.8654164016218079,173.81197214126587,185.55161356925964,11.739641427993774,0.06754219104339008,14.881337061524391,11.502956971526146,-3.3783800899982452,-0.22702127342663497,2.8866224456578493,0.9109951788559556,-1.9756272668018937,-0.6844079210198396
3044,46,0.6303,ok,0.6303,0.7343,14.471602626144886,9.310099296271801,-5.161503329873085,-0.35666425227487514,72.82428443431854,19.857462495565414,-52.96682193875313,-0.7273236167054248,164.33614492416382,172.69641160964966,8.36026668548584,0.05087296339672475,180.305615067482,171.72980308532715,-8.575811982154846,-0.047562645117542365,9.370948188006878,3.697937121614814,-5.673011066392064,-0.6053828228025521,2.3370024282485247,0.46857644338160753,-1.8684259848669171,-0.7994968093666963
896,47,0.6313,ok,0.6313,0.6555,5.558007396757603,17.08008162677288,11.522074230015278,2.073058455578335,19.744722172617912,8.695037104189396,-11.049685068428516,-0.5596272751688691,114.07750844955444,139.91469144821167,25.837182998657227,0.22648796725852877,193.59689950942993,112.6040443778038,-80.99285513162613,-0.4183582244181604,49.588993191719055,29.662232846021652,-19.926760345697403,-0.4018383730570478,32.210201025009155,0.4114818584639579,-31.798719166545197,-0.987225107407915
835,48,0.6318,ok,0.6318,0.6806,11.341260746121407,8.841415867209435,-2.499844878911972,-0.22042036902880424,5.749677307903767,1.5866969479247928,-4.162980359978974,-0.7240372175767764,95.41093558073044,121.37643992900848,25.965504348278046,0.27214390248073556,152.92514860630035,146.4940905570984,-6.431058049201965,-0.042053632825026485,52.11781710386276,33.91508013010025,-18.202736973762512,-0.3492613080376576,10.694507509469986,1.5407120808959007,-9.153795428574085,-0.8559342653664416
895,49,0.6321,ok,0.6321,0.652,6.310421973466873,17.823869362473488,11.513447389006615,1.824513073359698,21.909458562731743,4.405214451253414,-17.50424411147833,-0.7989354945198537,120.91796845197678,136.74432039260864,15.826351940631866,0.13088503010135658,205.60717582702637,123.92804771661758,-81.67912811040878,-0.3972581588257599,43.50294545292854,30.178846791386604,-13.324098661541939,-0.30628037993333124,30.662819743156433,0.3271035966463387,-30.335716146510094,-0.9893322401727472
459,50,0.6330,ok,0.633,0.6737,20.556123927235603,15.240591019392014,-5.31553290784359,-0.25858634276867903,150.50818026065826,96.66100889444351,-53.84717136621475,-0.3577690679201575,13.621197082102299,12.414341792464256,-1.2068552896380424,-0.08860126480541138,36.8240512907505,25.42462758719921,-11.399423703551292,-0.30956462702990556,65.61020016670227,93.56268495321274,27.952484786510468,0.42603870610802663,24.185042828321457,39.145201444625854,14.960158616304398,0.6185706894339494
463,51,0.6330,ok,0.633,0.6045,22.647401317954063,19.9314933270216,-2.7159079909324646,-0.11992139640230547,102.05160826444626,111.11431568861008,9.062707424163818,0.08880514063707483,13.867761939764023,21.668491885066032,7.80072994530201,0.5625082099898485,35.16792133450508,45.56354135274887,10.39562001824379,0.29559950158453363,85.75188368558884,88.36989849805832,2.6180148124694824,0.0305301143245843,45.624226331710815,47.766074538230896,2.1418482065200806,0.04694541428380131
4570,52,0.6337,ok,0.6337,0.6377,29.048332944512367,10.680080391466618,-18.36825255304575,-0.6323341373197723,243.4099316596985,58.80168825387955,-184.60824340581894,-0.7584252710933431,40.05243629217148,85.82156896591187,45.76913267374039,1.1427303033420286,111.86446249485016,206.39868080615997,94.53421831130981,0.8450781973377991,17.842203378677368,12.172815389931202,-5.669387988746166,-0.3177515617561823,3.836276475340128,30.43445758521557,26.59818110987544,6.9333326940460465
1441,53,0.6344,ok,0.6344,0.6401,22.770043462514877,22.71217852830887,-0.05786493420600891,-0.0025412746489161912,11.185451410710812,10.906807146966457,-0.27864426374435425,-0.0249113114449305,155.1031917333603,157.58226811885834,2.479076385498047,0.015983400198236127,122.73894995450974,118.514783680439,-4.22416627407074,-0.034415858011139305,32.61983022093773,32.03289210796356,-0.5869381129741669,-0.017993291473277755,2.0509883761405945,0.9997272863984108,-1.0512610897421837,-0.5125631631907992
889,54,0.6346,ok,0.6346,0.6811,2.709781052544713,12.567575089633465,9.857794037088752,3.637856286518592,8.062961511313915,3.6917359102517366,-4.371225601062179,-0.5421364835896205,93.1716114282608,172.94305562973022,79.77144420146942,0.8561775736044976,211.25061810016632,131.94938004016876,-79.30123805999756,-0.3753893776651398,29.773155227303505,33.4436371922493,3.670481964945793,0.12328159165273063,200.56936144828796,0.8991974755190313,-199.67016397276893,-0.995516775498381
4569,55,0.6360,ok,0.636,0.6389,17.695998772978783,10.796405375003815,-6.899593397974968,-0.389895675654681,73.74890148639679,36.451827734708786,-37.297073751688,-0.5057305668284098,68.90904158353806,88.30150961875916,19.3924680352211,0.2814212415320233,167.64956712722778,221.7576801776886,54.108113050460815,0.3227453191656537,5.688514094799757,17.381738871335983,11.693224776536226,2.0555850933419975,12.064855545759201,47.2978875041008,35.2330319583416,2.9203028436362852
893,56,0.6368,ok,0.6368,0.6532,4.358326084911823,15.87839424610138,11.520068161189556,2.643232272378864,12.12491188198328,17.009137198328972,4.884225316345692,0.40282563402405325,96.79365903139114,181.41433596611023,84.62067693471909,0.8742378145584492,189.53615427017212,146.3141143321991,-43.22203993797302,-0.22804113602707515,56.64415284991264,32.060474157333374,-24.58367869257927,-0.4340020541523057,53.006432950496674,1.6668527387082577,-51.339580211788416,-0.9685537651578073
4664,57,0.6373,ok,0.6373,0.843,24.995729327201843,0.1747998030623421,-24.8209295241395,-0.9930068132530098,184.43331122398376,2.070703310891986,-182.36260791309178,-0.98877261760823,139.18638229370117,192.4871951341629,53.30081284046173,0.3829456011579506,309.5630407333374,208.77106487751007,-100.79197585582733,-0.32559434620184896,0.11983255535596982,0.1773650001268834,0.05753244477091357,0.48010696759332205,0.606727204285562,0.43887976789847016,-0.16784743638709188,-0.27664399288760566
1400,58,0.6377,ok,0.6377,0.8511,6.143166683614254,11.72072533518076,5.577558651566505,0.9079289133475082,21.8082033097744,3.949979320168495,-17.858223989605904,-0.8188764446084322,70.79683989286423,157.5271487236023,86.73030883073807,1.2250590416462899,278.8434028625488,398.7279236316681,119.88452076911926,0.42993493673656796,33.74333307147026,8.46029445528984,-25.28303861618042,-0.7492750808768516,160.34568846225739,5.858792457729578,-154.4868960045278,-0.9634614905214078
1439,59,0.6377,ok,0.6377,0.6528,22.851424291729927,22.614479064941406,-0.2369452267885208,-0.010368947850409165,13.875994831323624,11.018441990017891,-2.8575528413057327,-0.2059349888813091,149.88580346107483,151.69143676757812,1.805633306503296,0.012046726673298428,92.60690212249756,103.02000492811203,10.413102805614471,0.11244413285567353,37.19613328576088,28.55670638382435,-8.639426901936531,-0.23226680137862088,2.0996462553739548,0.951266847550869,-1.1483794078230858,-0.5469394689147554
820,60,0.6386,ok,0.6386,0.6989,21.054981276392937,13.787578791379929,-7.267402485013008,-0.34516309416818597,2.356881508603692,1.614706590771675,-0.742174917832017,-0.31489700060132003,132.88971781730652,122.14837968349457,-10.74133813381195,-0.08082896337080703,97.59263694286346,68.99554282426834,-28.597094118595123,-0.29302511966489403,43.57294738292694,33.08779373764992,-10.485153645277023,-0.24063448251805408,0.8219450828619301,0.34531811252236366,-0.47662697033956647,-0.5798769045250557
4883,61,0.6387,ok,0.6387,0.7706,32.38235041499138,5.2058096043765545,-27.176540810614824,-0.8392392912292577,191.37968122959137,3.971576225012541,-187.40810500457883,-0.9792476599422905,38.83030265569687,120.6425279378891,81.81222528219223,2.10691701292185,96.17608040571213,188.9401078224182,92.76402741670609,0.9645228525157967,16.8941468000412,0.5582496523857117,-16.335897147655487,-0.9669560316366879,1.5175126027315855,0.04065429311594926,-1.4768583096156362,-0.9732099140114093
3941,62,0.6394,ok,0.6394,0.8606,26.724033057689667,46.828966587781906,20.10493353009224,0.7523165940818642,186.77985668182373,2.1565379574894905,-184.62331872433424,-0.9884541192192736,49.30591210722923,173.08174073696136,123.77582862973213,2.510364849565051,104.55746948719025,53.156185895204544,-51.4012835919857,-0.4916079534450007,2.310147974640131,0.7620625547133386,-1.5480854199267924,-0.6701239214634938,12.772653251886368,0.05254264033283107,-12.720110611553537,-0.9958863174865354
1435,63,0.6395,ok,0.6395,0.6519,23.060593754053116,22.001175209879875,-1.0594185441732407,-0.04594064469771243,14.40026517957449,11.50770764797926,-2.89255753159523,-0.20086835176466533,150.39363503456116,152.00331807136536,1.6096830368041992,0.010703132725226614,91.42434597015381,102.31087356805801,10.886527597904205,0.11907689885425264,36.2042561173439,29.147768393158913,-7.05648772418499,-0.1949076843704166,2.2173533216118813,1.164433779194951,-1.0529195424169302,-0.47485420214921886
471,64,0.6402,ok,0.6402,0.8018,13.44663742929697,9.444600902497768,-4.002036526799202,-0.29762359161106944,78.18024605512619,70.43300569057465,-7.747240364551544,-0.09909460196746933,13.936306349933147,7.806256413459778,-6.13004993647337,-0.4398618818036226,30.58105893433094,64.27605450153351,33.69499556720257,1.10182566403467,57.81492218375206,1.8299658549949527,-55.98495632875711,-0.968347862699204,149.3636965751648,28.393229469656944,-120.97046710550785,-0.8099054179784007
1440,65,0.6407,ok,0.6407,0.6354,21.18331380188465,22.18003012239933,0.996716320514679,0.04705195465810465,11.247329413890839,12.013372965157032,0.7660435512661934,0.06810892817988448,150.77687799930573,148.52096140384674,-2.2559165954589844,-0.014961953221165463,132.14610517024994,117.66355484724045,-14.482550323009491,-0.10959498431187928,27.313726022839546,31.785544008016586,4.47181798517704,0.16372054041391998,1.8814427312463522,1.4171547954902053,-0.4642879357561469,-0.24677229237191914
1438,66,0.6425,ok,0.6425,0.6499,22.30326272547245,22.120771929621696,-0.18249079585075378,-0.008182246611045474,12.36255094408989,11.300547979772091,-1.0620029643177986,-0.0859048402810025,151.29226446151733,149.16366338729858,-2.12860107421875,-0.014069464038990443,107.88027197122574,102.8088927268982,-5.071379244327545,-0.04700932943217091,30.9479758143425,29.50754202902317,-1.4404337853193283,-0.046543715620062466,2.2360035218298435,1.1158466804772615,-1.120156841352582,-0.5009638090533491
89,67,0.6427,ok,0.6427,0.7523,13.78369890153408,3.359199851615813e-05,-13.783665309535564,-0.9999975629184331,73.81273806095123,0.06325181311694905,-73.74948624783428,-0.9991430772685235,78.69765162467957,56.26494809985161,-22.432703524827957,-0.28504921127523286,106.91063851118088,82.04862475395203,-24.86201375722885,-0.23254948341393306,8.623424917459488,48.37725684046745,39.753831923007965,4.60998179998298,33.706746995449066,84.2655897140503,50.55884271860123,1.4999620914301655
3868,68,0.6430,ok,0.643,0.7975,17.499085515737534,2.2046861704438925,-15.294399345293641,-0.8740113494238804,106.60135000944138,11.277222074568272,-95.3241279348731,-0.8942112639889693,18.447281792759895,114.7008016705513,96.2535198777914,5.217761671292328,54.91752177476883,279.5690894126892,224.65156763792038,4.09070840012183,58.134984225034714,5.682801827788353,-52.45218239724636,-0.9022481573953681,12.914213351905346,0.5537162651307881,-12.360497086774558,-0.9571235002828032
1433,69,0.6431,ok,0.6431,0.6481,20.530395209789276,20.615531131625175,0.08513592183589935,0.004146823330283722,12.927639298141003,12.329994700849056,-0.5976445972919464,-0.046229987046272854,150.99774301052094,151.6067087650299,0.6089657545089722,0.0040329460716942095,109.01167243719101,102.35617309808731,-6.655499339103699,-0.06105308899777115,31.117139384150505,31.393300741910934,0.2761613577604294,0.008874895418603035,2.092181472107768,1.1820687213912606,-0.9101127507165074,-0.4350066009329556
825,70,0.6431,ok,0.6431,0.6616,18.524227663874626,17.723264172673225,-0.8009634912014008,-0.043238698300141,2.701466204598546,1.7190431244671345,-0.9824230801314116,-0.363662916996367,145.67893743515015,138.91084492206573,-6.768092513084412,-0.04645896402214815,108.9869737625122,96.95775806903839,-12.029215693473816,-0.11037296732071897,40.669865906238556,35.56797653436661,-5.101889371871948,-0.12544642718109733,1.7219838919118047,0.390955014154315,-1.3310288777574897,-0.7729624440793906
3050,71,0.6432,ok,0.6432,0.7466,9.204680100083351,6.632833741605282,-2.5718463584780693,-0.27940638137492474,63.29754739999771,19.310949370265007,-43.986598029732704,-0.6949178891840333,117.55871027708054,164.75725173950195,47.19854146242142,0.40148910575130164,190.45118987560272,220.515176653862,30.063986778259277,0.15785664976887892,12.470659799873829,4.51640086248517,-7.9542589373886585,-0.6378378582237594,7.418045774102211,1.2988302623853087,-6.119215511716902,-0.8249093761432736
84,72,0.6441,ok,0.6441,0.6296,28.302408754825592,11.91262062638998,-16.38978812843561,-0.5790951671433667,30.379192903637886,67.13360548019409,36.754412576556206,1.2098548073064472,162.67642378807068,89.36139196157455,-73.31503182649612,-0.4506801300353668,255.73644042015076,140.38702845573425,-115.3494119644165,-0.45104800776498,14.836043119430542,11.155398562550545,-3.6806445568799973,-0.24808801964585236,22.724449634552002,31.106360256671906,8.381910622119904,0.36884988445992556
4652,73,0.6450,ok,0.645,0.9682,30.156493186950684,0.23405984393320978,-29.922433343017474,-0.9922384926363225,236.02233827114105,0.15389968757517636,-235.86843858356588,-0.9993479443992357,74.1465613245964,138.1271332502365,63.980571925640106,0.862893312685777,263.24543356895447,427.24958062171936,164.0041470527649,0.6230085165363587,0.2121127472491935,0.13416717411018908,-0.07794557313900441,-0.3674723662290446,0.9206184768117964,0.4606990551110357,-0.4599194217007607,-0.4995765708434536
1436,74,0.6456,ok,0.6456,0.6499,21.60647325217724,22.406842559576035,0.8003693073987961,0.03704303326403093,11.958422139286995,11.608594097197056,-0.3498280420899391,-0.0292536956811927,153.69094908237457,149.8033106327057,-3.8876384496688843,-0.025295168472056255,111.48229986429214,101.74848884344101,-9.733811020851135,-0.08731261404456261,29.60619330406189,29.537996277213097,-0.06819702684879303,-0.0023034716469083035,2.129344269633293,1.2456190306693316,-0.8837252389639616,-0.4150222449074208
1437,75,0.6456,ok,0.6456,0.6499,21.60647325217724,22.406842559576035,0.8003693073987961,0.03704303326403093,11.958422139286995,11.608594097197056,-0.3498280420899391,-0.0292536956811927,153.69094908237457,149.8033106327057,-3.8876384496688843,-0.025295168472056255,111.48229986429214,101.74848884344101,-9.733811020851135,-0.08731261404456261,29.60619330406189,29.537996277213097,-0.06819702684879303,-0.0023034716469083035,2.129344269633293,1.2456190306693316,-0.8837252389639616,-0.4150222449074208
824,76,0.6463,ok,0.6463,0.67,20.445996895432472,25.769537314772606,5.323540419340134,0.26037079270658525,2.0124006550759077,2.239258959889412,0.22685830481350422,0.11273018831577906,137.9467099905014,142.65024662017822,4.703536629676819,0.03409676555534155,94.93960440158844,61.8412047624588,-33.09839963912964,-0.3486258432163413,41.30105301737785,41.3866750895977,0.08562207221984863,0.002073120803574239,0.6941144820302725,0.4329174989834428,-0.2611969830468297,-0.3763024541468047
3940,77,0.6475,ok,0.6475,0.8379,26.406317949295044,25.874000042676926,-0.5323179066181183,-0.020158732756314832,169.52133178710938,1.0593461338430643,-168.4619856532663,-0.9937509567517235,43.43101009726524,196.15405797958374,152.7230478823185,3.5164516676054727,90.28147906064987,10.146450251340866,-80.135028809309,-0.8876131587905797,0.7799608283676207,0.05545891690417193,-0.7245019114634488,-0.9288952535985149,33.0214649438858,0.0030093035547906766,-33.01845564033101,-0.9999088682600876
3890,78,0.6476,ok,0.6476,0.8851,25.77192708849907,4.082082770764828,-21.68984431773424,-0.8416073909899237,99.46088492870331,0.040820828871801496,-99.4200640998315,-0.9995895790701936,97.79388457536697,145.99281549453735,48.19893091917038,0.49286242313060824,72.6175531744957,2.070886082947254,-70.54666709154844,-0.9714822932966216,3.753107972443104,0.05267101005301811,-3.7004369623900857,-0.9859660285715863,0.63444918487221,0.0005289820137477363,-0.6339202028584623,-0.9991662342290593
1454,79,0.6484,ok,0.6484,0.6825,20.618272945284843,18.89142021536827,-1.7268527299165726,-0.08375351002963047,10.070394724607468,9.444057010114193,-0.6263377144932747,-0.06219594480867666,152.03766524791718,172.28470742702484,20.247042179107666,0.13317122534137993,85.84223687648773,93.26283633708954,7.420599460601807,0.08644461899657598,39.382703602313995,26.905901730060577,-12.476801872253418,-0.31680917588198093,1.2652884470298886,0.9901352459564805,-0.2751532010734081,-0.2174628257448307
1453,80,0.6484,ok,0.6484,0.6825,20.618272945284843,18.89142021536827,-1.7268527299165726,-0.08375351002963047,10.070394724607468,9.444057010114193,-0.6263377144932747,-0.06219594480867666,152.03766524791718,172.28470742702484,20.247042179107666,0.13317122534137993,85.84223687648773,93.26283633708954,7.420599460601807,0.08644461899657598,39.382703602313995,26.905901730060577,-12.476801872253418,-0.31680917588198093,1.2652884470298886,0.9901352459564805,-0.2751532010734081,-0.2174628257448307
4700,81,0.6489,ok,0.6489,0.5943,14.498207718133926,11.423575691878796,-3.0746320262551308,-0.2120698010423366,158.72497856616974,131.27094507217407,-27.454033493995667,-0.17296605576513308,29.59759719669819,30.59184178709984,0.9942445904016495,0.03359207113314469,146.33534848690033,123.57382476329803,-22.761523723602295,-0.1555435782191742,5.799093749374151,17.887689173221588,12.088595423847437,2.084566304028463,28.508000075817108,119.31483447551727,90.80683439970016,3.185310585035749
3895,82,0.6494,ok,0.6494,0.8818,19.66668665409088,4.158005118370056,-15.508681535720825,-0.7885762258023699,62.91387975215912,0.04158078081673011,-62.87229897134239,-0.9993390841419965,127.72569060325623,146.21694386005402,18.49125325679779,0.14477317107828874,114.27517235279083,4.979273304343224,-109.29589904844761,-0.9564273393614215,2.927423221990466,0.05834421972394921,-2.869079002266517,-0.9800697694526456,0.18208613619208336,0.0005957645043963566,-0.181490371687687,-0.9967281171600683
2514,83,0.6494,ok,0.6494,1.6697,9.391766972839832,112.32692748308182,102.93516051024199,10.960148479825092,21.810544654726982,1.799934427253902,-20.01061022747308,-0.9174741183336839,20.314397290349007,1.0935806203633547,-19.220816669985652,-0.9461672130985203,78.82597297430038,0.1129288284573704,-78.71304414584301,-0.9985673652452829,74.71257448196411,67.79802590608597,-6.914548575878143,-0.09254865896164963,159.92815792560577,9.476485662162304,-150.45167226344347,-0.9407453585092219
470,84,0.6497,ok,0.6497,0.6042,12.876888737082481,15.930576249957085,3.0536875128746033,0.23714482397294345,78.33252847194672,92.45260804891586,14.120079576969147,0.1802581871466843,13.122359290719032,13.928469270467758,0.8061099797487259,0.06143026279724395,29.492303729057312,54.6540841460228,25.161780416965485,0.8531642915427737,61.33273243904114,72.7856233716011,11.452890932559967,0.18673374684460772,132.57640600204468,100.92388093471527,-31.652525067329407,-0.23874930707384873
2936,85,0.6502,ok,0.6502,0.8804,13.777829706668854,3.6388153675943613,-10.139014339074492,-0.7358934284234132,31.08929470181465,9.63448453694582,-21.45481016486883,-0.6901028270550164,148.57029914855957,204.56022024154663,55.98992109298706,0.3768581029577196,288.69733214378357,396.161824464798,107.4644923210144,0.37223929824018087,15.677042305469513,21.02096937596798,5.3439270704984665,0.34087597433056877,66.21995568275452,35.093966871500015,-31.1259888112545,-0.4700394086696823
315,86,0.6507,tgt_missing,0.6507,,14.241322875022888,,,,58.81970748305321,,,,73.04272800683975,,,,170.48963904380798,,,,6.96372939273715,,,,18.187448382377625,,,
4672,87,0.6509,ok,0.6509,2.6473,15.808802098035812,174.13075268268585,158.32195058465004,10.01479742758757,188.67146968841553,2.0682441536337137,-186.6032255347818,-0.9890378542285734,66.62159413099289,3.220971440896392,-63.4006226900965,-0.9516527413834733,270.1023817062378,0.033082320442190394,-270.0692993857956,-0.9998775193308803,0.06642930384259671,0.0005257119823909306,-0.06590359186020578,-0.9920861434339792,0.4259010311216116,4.272320097697957e-05,-0.4258583079206346,-0.9998996874910951
3936,88,0.6510,ok,0.651,0.6666,29.15322035551071,27.935968711972237,-1.217251643538475,-0.04175359115372594,215.499609708786,191.17394089698792,-24.325668811798096,-0.11288033813458144,47.16668650507927,40.37928953766823,-6.787396967411041,-0.14390234867738955,99.39417988061905,71.17923349142075,-28.214946389198303,-0.28386920062207743,1.2375408550724387,1.5642940998077393,0.32675324473530054,0.26403430916725107,24.779483675956726,33.268701285123825,8.489217609167099,0.34259057695395395
645,89,0.6520,ok,0.652,2.8992,34.170594066381454,191.68397784233093,157.51338377594948,4.609617950157856,29.03413400053978,2.3177803959697485,-26.71635360457003,-0.9201705001455646,154.87372875213623,79.39711213111877,-75.47661662101746,-0.4873429291665865,52.88343131542206,0.7764282636344433,-52.107003051787615,-0.9853181186560408,51.010631024837494,0.4542049136944115,-50.55642611114308,-0.9910958773775361,3.3417297527194023,0.00598592305323109,-3.3357438296661712,-0.9982087351473111
3859,90,0.6521,ok,0.6521,0.7722,28.572814539074898,3.488260554149747,-25.08455398492515,-0.8779168027224143,195.9870606660843,21.742671728134155,-174.24438893795013,-0.8890606775047332,6.1294808983802795,126.63155794143677,120.50207704305649,19.65942614731033,49.245018512010574,274.3211090564728,225.0760905444622,4.570535200216596,46.33988067507744,5.877517629414797,-40.46236304566264,-0.8731650245147081,26.067711412906647,0.469712249469012,-25.597999163437635,-0.981981070680549
4655,91,0.6528,ok,0.6528,0.9961,32.61817619204521,3.538144053891301,-29.08003213815391,-0.8915284523248675,234.62161421775818,47.9607991874218,-186.66081503033638,-0.7955823492761916,79.95069026947021,89.86824750900269,9.91755723953247,0.12404592388265553,271.1515426635742,491.00103974342346,219.84949707984924,0.810799359355381,7.855751466001593e-08,0.1565992715768516,0.15659919301933695,1993433.6479084482,0.00286957447315217,0.9742002584971488,0.9713306840239966,338.49293444439144
1370,92,0.6530,tgt_missing,0.653,,3.8201191928237677,,,,3.9167432114481926,,,,25.38258209824562,,,,94.77324783802032,,,,74.81487840414047,,,,400.04605054855347,,,
1398,93,0.6533,tgt_missing,0.6533,,7.409338373690844,,,,23.425498977303505,,,,69.40440088510513,,,,317.73120164871216,,,,38.4739451110363,,,,153.70357036590576,,,
826,94,0.6542,ok,0.6542,0.6566,17.055504024028778,19.322242587804794,2.2667385637760162,0.13290363982105155,2.4781464599072933,1.7782769864425063,-0.699869473464787,-0.2824165095919992,148.98517727851868,142.8287923336029,-6.1563849449157715,-0.04132213054595885,107.66834020614624,97.82485663890839,-9.843483567237854,-0.09142412289806934,37.81122341752052,36.32853925228119,-1.482684165239334,-0.039212805913926216,1.9582088571041822,0.4031977732665837,-1.5550110838375986,-0.7940986877861249
3029,95,0.6542,ok,0.6542,0.7458,16.56748540699482,12.178994715213776,-4.388490691781044,-0.2648857436100844,36.85060888528824,6.548880133777857,-30.30172875151038,-0.822285700782753,160.24374961853027,180.1137626171112,19.870012998580933,0.12399867730181473,163.15720975399017,168.93383860588074,5.776628851890564,0.03540529321750852,11.048910208046436,2.049413975328207,-8.99949623271823,-0.8145143786365728,1.4844146789982915,0.25609362637624145,-1.22832105262205,-0.827478379189124
458,96,0.6545,ok,0.6545,0.7067,16.53013937175274,4.1395812295377254,-12.390558142215014,-0.7495737249129562,131.4544677734375,23.731131106615067,-107.72333666682243,-0.8194726165753773,14.620588161051273,87.62562274932861,73.00503458827734,4.993303537730456,40.64304381608963,204.3452262878418,163.70218247175217,4.027803213078896,52.24451422691345,21.937768906354904,-30.306745320558548,-0.5800943078717766,24.59142915904522,15.018939040601254,-9.572490118443966,-0.38926123636547627
4869,97,0.6546,ok,0.6546,0.6625,14.677678234875202,26.329992339015007,11.652314104139805,0.7938799255357079,48.86072129011154,29.899846762418747,-18.960874527692795,-0.3880596525604321,82.09343254566193,77.51184701919556,-4.58158552646637,-0.05580940380240532,244.54422295093536,116.082563996315,-128.46165895462036,-0.5253105446714827,14.111089520156384,15.574605204164982,1.4635156840085983,0.1037138685796091,1.131744938902557,0.8902837871573865,-0.24146115174517035,-0.2133529768459253
650,98,0.6548,ok,0.6548,4.2479,19.42005567252636,274.2774188518524,254.85736317932606,13.12341053377483,11.218280531466007,9.649540297687054,-1.5687402337789536,-0.13983785031750764,178.64927649497986,6.082463543862104,-172.56681295111775,-0.9659530468681577,81.18368685245514,0.06102994302636944,-81.12265690942877,-0.9992482486889603,50.78938975930214,0.0671276866341941,-50.722262072667945,-0.9986783127942209,0.647419597953558,0.0007851306236261735,-0.6466344673299318,-0.998787292466728
3892,99,0.6549,ok,0.6549,0.8854,21.360037848353386,4.02431096881628,-17.335726879537106,-0.8115962622638092,72.61459529399872,0.04024311056127772,-72.57435218343744,-0.9994457985973985,122.86214530467987,145.81814408302307,22.9559987783432,0.18684354502695466,90.45542031526566,2.086315071210265,-88.36910524405539,-0.976935433344527,2.1327168215066195,0.052030114602530375,-2.080686706904089,-0.9756038335338985,0.15654177695978433,0.0005229528596828459,-0.15601882410010148,-0.9966593399548723
3046,100,0.6551,ok,0.6551,0.7218,14.850431121885777,13.776753097772598,-1.0736780241131783,-0.07229945146379277,46.50496318936348,12.84676045179367,-33.65820273756981,-0.7237550667552844,156.9959968328476,173.7707108259201,16.77471399307251,0.10684803645619331,156.6597819328308,167.76591539382935,11.106133460998535,0.07089332899595369,8.74136108905077,3.730630502104759,-5.010730586946011,-0.5732208675399919,2.303984947502613,0.4713870002888143,-1.8325979472137988,-0.795403611121778
3030,101,0.6556,ok,0.6556,0.8319,16.58245548605919,5.443893114076559e-07,-16.582454941669877,-0.999999967170766,38.05382177233696,0.09611915447749197,-37.95770261785947,-0.9974741261192492,145.1907455921173,179.45709824562073,34.26635265350342,0.23600920646669513,150.87397396564484,167.167529463768,16.29355549812317,0.10799447426123565,8.348006755113602,2.0827753469347954,-6.265231408178806,-0.7505062695763891,2.0293418783694506,0.24639925686642528,-1.7829426215030253,-0.8785816921767742
817,102,0.6557,ok,0.6557,0.6628,16.55990444123745,19.102735444903374,2.542831003665924,0.15355348291345028,1.7593797529116273,2.1246017422527075,0.3652219893410802,0.20758564984999295,130.2046775817871,124.74465370178223,-5.460023880004883,-0.04193416074914213,102.48498618602753,81.48235827684402,-21.002627909183502,-0.20493370483614246,38.05062919855118,37.883780896663666,-0.1668483018875122,-0.004384902573276375,0.8656051359139383,0.4038067418150604,-0.4617983940988779,-0.5334977519643456
818,103,0.6557,ok,0.6557,0.6628,16.55990444123745,19.102735444903374,2.542831003665924,0.15355348291345028,1.7593797529116273,2.1246017422527075,0.3652219893410802,0.20758564984999295,130.2046775817871,124.74465370178223,-5.460023880004883,-0.04193416074914213,102.48498618602753,81.48235827684402,-21.002627909183502,-0.20493370483614246,38.05062919855118,37.883780896663666,-0.1668483018875122,-0.004384902573276375,0.8656051359139383,0.4038067418150604,-0.4617983940988779,-0.5334977519643456
1401,104,0.6567,tgt_missing,0.6567,,6.398073397576809,,,,20.94927988946438,,,,57.41102248430252,,,,301.7686903476715,,,,33.05576741695404,,,,193.87513399124146,,,
1791,105,0.6574,ok,0.6574,0.6974,28.025150299072266,22.90310524404049,-5.122045055031776,-0.18276601553859764,62.42585554718971,26.039177551865578,-36.386677995324135,-0.5828783230342478,167.0118272304535,174.98701810836792,7.975190877914429,0.04775225210194099,129.02168929576874,150.56098997592926,21.539300680160522,0.16694325425226705,1.7308952519670129,0.1386567746521905,-1.5922384773148224,-0.9198930296361845,1.8771897302940488,1.4389784773811698,-0.438211252912879,-0.23344004382776815
854,106,0.6592,ok,0.6592,0.6816,7.054013665765524,8.5746543481946,1.5206406824290752,0.21557098617614465,4.0564341470599174,2.080189296975732,-1.9762448500841856,-0.48718770684754187,111.0079362988472,139.33643698692322,28.32850068807602,0.2551934720398023,184.13323163986206,184.0103268623352,-0.12290477752685547,-0.0006674774370290715,44.36524584889412,31.879350543022156,-12.485895305871964,-0.28143415114610926,15.92286303639412,0.648152083158493,-15.274710953235626,-0.9592942499299879
853,107,0.6592,ok,0.6592,0.6816,7.054013665765524,8.5746543481946,1.5206406824290752,0.21557098617614465,4.0564341470599174,2.080189296975732,-1.9762448500841856,-0.48718770684754187,111.0079362988472,139.33643698692322,28.32850068807602,0.2551934720398023,184.13323163986206,184.0103268623352,-0.12290477752685547,-0.0006674774370290715,44.36524584889412,31.879350543022156,-12.485895305871964,-0.28143415114610926,15.92286303639412,0.648152083158493,-15.274710953235626,-0.9592942499299879
1430,108,0.6594,ok,0.6594,0.6579,15.132805332541466,15.211471356451511,0.07866602391004562,0.005198376783509058,9.326543658971786,8.774099871516228,-0.5524437874555588,-0.059233496100576176,152.7727097272873,150.78607201576233,-1.9866377115249634,-0.013003878212746806,111.38950288295746,107.87668079137802,-3.5128220915794373,-0.031536383596850556,32.82259404659271,34.766122698783875,1.943528652191162,0.0592131337770641,2.3504714481532574,1.709142467007041,-0.6413289811462164,-0.27285121104113064
798,109,0.6600,tgt_missing,0.66,,31.19214065372944,,,,165.2437299489975,,,,24.292273446917534,,,,127.3982971906662,,,,8.419354446232319,,,,3.7077306769788265,,,
4663,110,0.6603,ok,0.6603,0.6948,26.68752707540989,6.668856367468834,-20.018670707941055,-0.7501133638712605,238.6268824338913,90.7869040966034,-147.8399783372879,-0.6195445241935187,144.38395202159882,77.27451622486115,-67.10943579673767,-0.4647984409423741,313.8212859630585,194.30871307849884,-119.51257288455963,-0.38083003999489085,0.20343913638498634,0.18789338355418295,-0.015545752830803394,-0.07641476024251674,0.6902867462486029,0.8680277969688177,0.17774105072021484,0.25748871999376677
838,111,0.6616,ok,0.6616,0.6611,5.357102490961552,7.67636438831687,2.319261897355318,0.4329321496589533,8.170560002326965,3.2435646280646324,-4.926995374262333,-0.6030180762223313,63.51379305124283,98.23859483003616,34.724801778793335,0.5467285153443351,121.36489152908325,169.27169263362885,47.90680110454559,0.39473360459491247,83.34717899560928,50.92676356434822,-32.42041543126106,-0.3889803568872915,52.9467798769474,2.8469949029386044,-50.0997849740088,-0.9462291208350111
3057,112,0.6618,ok,0.6618,0.6819,9.49814822524786,8.579661138355732,-0.918487086892128,-0.09670170070105003,67.21239537000656,44.294510036706924,-22.917885333299637,-0.3409770654227674,104.9327626824379,156.54771029949188,51.614947617053986,0.4918859114884672,188.01970779895782,214.56007659435272,26.540368795394897,0.14115737709673223,4.679067991673946,11.710984632372856,7.03191664069891,1.5028455780535104,7.887852378189564,2.3427081760019064,-5.545144202187657,-0.7029979690695467
822,113,0.6620,ok,0.662,0.6799,18.506169319152832,23.474661633372307,4.968492314219475,0.2684776210859245,1.815127325244248,2.8078879695385695,0.9927606442943215,0.5469371930482801,132.9464614391327,131.17805123329163,-1.7684102058410645,-0.01330167186623994,88.25810998678207,59.51780080795288,-28.740309178829193,-0.32563930026525006,36.68348863720894,34.65433046221733,-2.0291581749916077,-0.05531529989035405,0.6759064854122698,0.35575582296587527,-0.32015066244639456,-0.47366117851512896
4346,114,0.6624,ok,0.6624,2.2927,7.287814747542143,154.38605844974518,147.09824370220304,20.184135958150247,35.095732659101486,78.73541861772537,43.639685958623886,1.2434470704034917,29.89124320447445,24.168075993657112,-5.723167210817337,-0.19146634924708086,143.4156745672226,40.060751140117645,-103.35492342710495,-0.720666856945681,30.290843918919563,0.0028541414849314606,-30.287989777434632,-0.9999057754385262,121.28648906946182,0.0002891025872031605,-121.28619996687462,-0.999997616366098
1442,115,0.6625,ok,0.6625,0.6795,23.336412385106087,23.615017533302307,0.2786051481962204,0.011938645220978077,10.667729191482067,7.8942617401480675,-2.7734674513339996,-0.25998667584742857,162.7074033021927,160.95298528671265,-1.7544180154800415,-0.010782656350440315,93.37591379880905,120.77382206916809,27.39790827035904,0.29341515553348707,29.678387567400932,16.053657978773117,-13.624729588627815,-0.4590791719289146,1.0751438094303012,0.5628088838420808,-0.5123349255882204,-0.4765268804921057
3051,116,0.6630,ok,0.663,0.7546,8.816344663500786,4.178598057478666,-4.6377466060221195,-0.5260396210713214,53.55636030435562,19.44100856781006,-34.11535173654556,-0.6369990705617655,116.81006848812103,148.01231026649475,31.20224177837372,0.2671194545318396,189.22199308872223,195.89373469352722,6.671741604804993,0.03525880631474351,9.918073192238808,3.7379104178398848,-6.180162774398923,-0.6231213114292288,6.045687943696976,1.9882500637322664,-4.057437879964709,-0.6711292276001201
1431,117,0.6633,ok,0.6633,0.6719,15.444183722138405,14.615120366215706,-0.829063355922699,-0.0536812673844511,9.774420410394669,8.529236540198326,-1.2451838701963425,-0.12739209261678,152.84985303878784,154.93007004261017,2.0802170038223267,0.01360954533135496,103.3179834485054,104.26177829504013,0.943794846534729,0.00913485547271763,32.26208686828613,30.931342393159866,-1.3307444751262665,-0.04124793540353392,2.337513957172632,1.241257879883051,-1.0962560772895813,-0.4689837568352194
811,118,0.6634,tgt_missing,0.6634,,15.916382893919945,,,,109.34628546237946,,,,31.43824264407158,,,,157.99210965633392,,,,7.522904314100742,,,,6.112841889262199,,,
812,119,0.6634,tgt_missing,0.6634,,15.916382893919945,,,,109.34628546237946,,,,31.43824264407158,,,,157.99210965633392,,,,7.522904314100742,,,,6.112841889262199,,,
843,120,0.6636,ok,0.6636,0.6669,11.169547215104103,9.458057582378387,-1.7114896327257156,-0.15322820162408562,2.4974907282739878,1.8169147660955787,-0.6805759621784091,-0.272503899403364,126.95644795894623,142.7156627178192,15.759214758872986,0.1241308733209756,143.1138813495636,186.20190024375916,43.08801889419556,0.3010750493793867,34.94600206613541,37.51921281218529,2.573210746049881,0.07363390928610582,2.9402454383671284,1.4051446923986077,-1.5351007459685206,-0.5220995247325483
1432,121,0.6640,ok,0.664,0.6658,15.04635438323021,15.069999732077122,0.023645348846912384,0.0015715001949752102,8.854055777192116,8.856674656271935,0.0026188790798187256,0.0002957829886914548,154.9113243818283,154.74188327789307,-0.1694411039352417,-0.0010937941729656905,112.99817264080048,102.257139980793,-10.741032660007477,-0.09505492353536689,31.002480536699295,33.627621829509735,2.62514129281044,0.08467520170532548,2.266789320856333,1.3071844587102532,-0.9596048621460795,-0.4233321788297319
3039,122,0.6644,ok,0.6644,0.7159,16.16879180073738,15.151907689869404,-1.0168841108679771,-0.06289178087020714,38.8915129005909,14.055527746677399,-24.835985153913498,-0.6385965292066628,150.99510550498962,176.56734585762024,25.572240352630615,0.16935807466809302,154.5923799276352,174.32540655136108,19.73302662372589,0.12764553228925601,5.856710486114025,3.862478071823716,-1.994232414290309,-0.34050384068301426,1.8403786234557629,0.5325750098563731,-1.3078036135993898,-0.7106166073281526
1443,123,0.6644,ok,0.6644,0.6773,21.974876523017883,24.10990372300148,2.135027199983597,0.0971576426264436,10.724124498665333,8.248713798820972,-2.4754106998443604,-0.23082636723887687,163.51458430290222,160.18429398536682,-3.3302903175354004,-0.020366931376385435,92.67537295818329,119.5674017071724,26.892028748989105,0.2901744863883445,29.713258147239685,16.77759177982807,-12.935666367411613,-0.4353499809179734,1.0030141565948725,0.5527078174054623,-0.4503063391894102,-0.4489531241694064
3036,124,0.6648,ok,0.6648,0.766,13.541891239583492,5.965666379779577,-7.576224859803915,-0.5594657884755643,35.948872566223145,12.542039155960083,-23.40683341026306,-0.6511145340412056,145.25219798088074,176.1753261089325,30.923128128051758,0.21289266914998498,159.9031537771225,169.50230300426483,9.599149227142334,0.06003101877854078,9.194564074277878,3.8130306638777256,-5.381533410400152,-0.58529511208206,3.431636607274413,0.5869379383511841,-2.844698668923229,-0.8289626771357468
3047,125,0.6653,ok,0.6653,0.7152,17.55748502910137,15.951765701174736,-1.6057193279266357,-0.09145497349222685,29.07423861324787,13.752665370702744,-15.321573242545128,-0.52698106548399,148.61546456813812,175.41024088859558,26.79477632045746,0.18029601696109107,164.30631279945374,172.33796417713165,8.031651377677917,0.04888218377513624,6.990342866629362,3.0056287068873644,-3.9847141597419977,-0.5700312897045874,1.8081564921885729,0.3921271418221295,-1.4160293503664434,-0.7831342898050251
4583,126,0.6658,ok,0.6658,0.812,18.181808292865753,21.721933037042618,3.5401247441768646,0.19470696682936384,121.52707576751709,240.84340035915375,119.31632459163666,0.9818085709549235,34.868717193603516,1.230419846251607,-33.63829734735191,-0.9647127871260683,155.61476349830627,17.191706225275993,-138.42305727303028,-0.8895239382254171,0.656181713566184,0.08713328134035692,-0.5690484322258271,-0.8672116586931244,6.017023231834173,1.2841062853112817,-4.7329169465228915,-0.7865877800641553
4702,127,0.6658,ok,0.6658,0.7056,13.846472837030888,7.724262773990631,-6.1222100630402565,-0.4421494293237676,112.44252324104309,37.529103457927704,-74.91341978311539,-0.6662374484653235,41.44164174795151,48.74945431947708,7.307812571525574,0.17633984232506436,237.18783259391785,187.8492534160614,-49.338579177856445,-0.2080147983911449,2.8585840482264757,8.388008922338486,5.52942487411201,1.9343230007676628,20.588837563991547,57.110436260700226,36.52159869670868,1.7738543316589388
4878,128,0.6659,ok,0.6659,0.7243,14.129373244941235,10.343487374484539,-3.7858858704566956,-0.26794435993911925,83.58100056648254,11.157880537211895,-72.42312002927065,-0.8665021899524088,39.37024250626564,106.78638517856598,67.41614267230034,1.712362901030424,100.72040557861328,150.76471865177155,50.044313073158264,0.4968636969407175,22.113366052508354,5.1363445818424225,-16.97702147066593,-0.7677266966211235,1.7361512873321772,0.38167572347447276,-1.3544755638577044,-0.7801598707097886
1382,129,0.6665,ok,0.6665,0.8123,22.0348984003067,9.130938909947872,-12.90395949035883,-0.5856146579817777,16.75613783299923,1.5163227217271924,-15.239815111272037,-0.9095064306083127,87.10678666830063,165.005624294281,77.89883762598038,0.8942912556586001,328.37578654289246,341.662734746933,13.286948204040527,0.040462630768011834,28.362490236759186,6.89558032900095,-21.466909907758236,-0.756876766763451,51.45198106765747,7.9202186316251755,-43.531762436032295,-0.8460658177338133
1444,130,0.6669,ok,0.6669,0.6647,23.300718516111374,23.27374927699566,-0.026969239115715027,-0.0011574423808891146,10.39748266339302,9.63039044290781,-0.7670922204852104,-0.07377672512847301,164.25718367099762,163.10171782970428,-1.155465841293335,-0.007034491980622897,91.53293073177338,90.82973748445511,-0.7031932473182678,-0.007682407213409281,28.58630381524563,30.38155660033226,1.7952527850866318,0.06280115109282469,1.668994897045195,0.912506424356252,-0.7564884726889431,-0.45325990752172923
3865,131,0.6678,ok,0.6678,0.7864,18.446769565343857,2.9837514739483595,-15.463018091395497,-0.8382507320114214,86.3422229886055,11.52797881513834,-74.81424417346716,-0.8664850357552217,6.112252362072468,132.88341462612152,126.77116226404905,20.74049871544653,39.444535970687866,276.3950526714325,236.95051670074463,6.007182259079634,65.56516140699387,6.945440080016851,-58.619721326977015,-0.8940681311389866,42.66682639718056,0.4501893708948046,-42.21663702628575,-0.9894487261202873
4674,132,0.6678,ok,0.6678,2.6549,13.72303906828165,174.64523017406464,160.92219110578299,11.726425196713594,133.68429243564606,3.070779610425234,-130.61351282522082,-0.9770296154134678,52.51679942011833,3.2769718673080206,-49.23982755281031,-0.9376014550869095,128.84612381458282,0.034356387914158404,-128.81176742666867,-0.9997333533450832,0.0227317214012146,0.0007037156706246606,-0.02202800573058994,-0.9690425701510199,0.8945732261054218,0.00022338242899877514,-0.894349843676423,-0.9997502916223289
4885,133,0.6683,ok,0.6683,0.6992,18.79613846540451,17.704874277114868,-1.0912641882896423,-0.05805789259842832,68.01092624664307,36.62519529461861,-31.38573095202446,-0.46148071617497816,40.16873612999916,56.059204041957855,15.890467911958694,0.39559292730873946,89.99857306480408,109.72267389297485,19.724100828170776,0.2191601506167026,22.393541410565376,10.612850077450275,-11.7806913331151,-0.5260754034891916,1.4797316398471594,0.5367581616155803,-0.9429734782315791,-0.6372597928155258
1402,134,0.6685,tgt_missing,0.6685,,5.40199177339673,,,,17.945436760783195,,,,65.32958894968033,,,,297.86306619644165,,,,38.45158591866493,,,,137.97789812088013,,,
1446,135,0.6688,ok,0.6688,0.6624,22.528020665049553,22.24537916481495,-0.2826415002346039,-0.012546219858236365,10.479085147380829,9.855213575065136,-0.6238715723156929,-0.059534927290062635,166.09621047973633,162.7582460641861,-3.337964415550232,-0.02009657177553405,94.4574773311615,92.18288958072662,-2.2745877504348755,-0.024080547297069193,27.49232016503811,31.20635822415352,3.71403805911541,0.1350936565855413,1.5001549618318677,0.8747430401854217,-0.625411921646446,-0.4168982122238516
1447,136,0.6689,ok,0.6689,0.6695,22.346533834934235,22.24200591444969,-0.10452792048454285,-0.004677589878441677,9.829766117036343,9.119187481701374,-0.7105786353349686,-0.07228845802378121,164.9804562330246,164.2829179763794,-0.6975382566452026,-0.004228005380588677,92.08251535892487,94.46176886558533,2.3792535066604614,0.025838276652049106,28.33341993391514,27.84077823162079,-0.49264170229434967,-0.01738730105449279,1.60777079872787,0.8120173588395119,-0.7957534398883581,-0.4949420903265495
1452,137,0.6695,ok,0.6695,0.6793,22.14370295405388,20.696688443422318,-1.4470145106315613,-0.0653465463131429,10.326195508241653,8.761934004724026,-1.5642615035176277,-0.15148478471757992,162.30063140392303,165.11878371238708,2.8181523084640503,0.017363779081366725,78.31066846847534,94.31346505880356,16.002796590328217,0.20435014670791996,32.26911649107933,24.492276832461357,-7.776839658617973,-0.24099946029721173,1.2276832712814212,0.9043801692314446,-0.3233031020499766,-0.2633440640699795
406,138,0.6697,ok,0.6697,0.7972,12.706308625638485,2.088008914142847,-10.618299711495638,-0.8356714781876372,148.83680641651154,31.92337229847908,-116.91343411803246,-0.7855142617804947,23.28784205019474,33.46850350499153,10.180661454796791,0.43716637346016596,74.98855888843536,73.88457655906677,-1.1039823293685913,-0.014722010207064347,25.85117518901825,26.24741569161415,0.3962405025959015,0.015327755883385414,10.944480076432228,11.35480497032404,0.41032489389181137,0.03749149260871718
3944,139,0.6698,ok,0.6698,0.8215,28.169071301817894,25.34632384777069,-2.822747454047203,-0.10020733107608829,108.42911899089813,1.20019621681422,-107.22892277408391,-0.9889310525808573,68.76882910728455,195.8366185426712,127.06778943538666,1.847752696750898,76.89294964075089,25.82927606999874,-51.063673570752144,-0.664087849527494,0.3552059642970562,0.267109862761572,-0.0880961015354842,-0.24801413937354402,2.3842607624828815,0.0045185420276538935,-2.3797422204552277,-0.9981048457036434
1445,140,0.6709,ok,0.6709,0.6645,22.181369364261627,22.808482870459557,0.6271135061979294,0.028272082570714844,10.364989750087261,9.877754375338554,-0.4872353747487068,-0.04700780092373993,165.7876968383789,164.03472423553467,-1.7529726028442383,-0.010573598863329134,89.6027535200119,96.37689590454102,6.774142384529114,0.07560194434221461,28.282513841986656,28.833357617259026,0.5508437752723694,0.019476478588498634,1.2771444162353873,0.8911365293897688,-0.3860078868456185,-0.30224294287990244
3045,141,0.6711,ok,0.6711,0.7178,10.739765129983425,13.363185338675976,2.6234202086925507,0.24427165556613986,45.64633220434189,19.06696707010269,-26.579365134239197,-0.5822891752891147,143.4244066476822,175.65298080444336,32.22857415676117,0.22470773915021108,159.5921367406845,167.62520372867584,8.033066987991333,0.0503349798558307,8.201050572097301,3.5909772850573063,-4.610073287039995,-0.5621320398541372,2.7955814730376005,0.4227522003930062,-2.3728292726445943,-0.8487784368045423
1448,142,0.6721,ok,0.6721,0.6763,23.52779172360897,21.500779315829277,-2.0270124077796936,-0.08615395918120472,10.33439114689827,9.23007819801569,-1.1043129488825798,-0.10685805609496643,163.2174700498581,164.60628807544708,1.3888180255889893,0.008509003510253814,81.44920319318771,83.02824199199677,1.5790387988090515,0.01938679246577479,29.310623183846474,28.790315613150597,-0.5203075706958771,-0.017751501475500066,1.4398118946701288,0.9234269964508712,-0.5163848982192576,-0.3586474734170501
651,143,0.6723,ok,0.6723,4.2443,7.021206431090832,274.02815222740173,267.0069457963109,38.02864200288554,8.168990723788738,6.452165078371763,-1.716825645416975,-0.2101637403525805,169.23172771930695,6.859388202428818,-162.37233951687813,-0.959467481099017,151.4638066291809,0.06723524711560458,-151.3965713820653,-0.9995560969408341,52.255649119615555,0.06768173625459895,-52.187967383360956,-0.9987047957992126,1.0420012986287475,0.0007746548362774774,-1.04122664379247,-0.9992565701815372
1451,144,0.6725,ok,0.6725,0.7065,22.758901119232178,19.68320645391941,-3.075694665312767,-0.13514249432340486,10.449802502989769,7.3918853886425495,-3.0579171143472195,-0.2926291777736781,162.43377327919006,169.35326159000397,6.919488310813904,0.04259882763986979,80.49795031547546,94.499371945858,14.001421630382538,0.17393513220535767,29.40215729176998,15.124539844691753,-14.277617447078228,-0.48559761467144813,1.3392675900831819,0.5367522244341671,-0.8025153656490147,-0.5992195820994746
1450,145,0.6725,ok,0.6725,0.7065,22.758901119232178,19.68320645391941,-3.075694665312767,-0.13514249432340486,10.449802502989769,7.3918853886425495,-3.0579171143472195,-0.2926291777736781,162.43377327919006,169.35326159000397,6.919488310813904,0.04259882763986979,80.49795031547546,94.499371945858,14.001421630382538,0.17393513220535767,29.40215729176998,15.124539844691753,-14.277617447078228,-0.48559761467144813,1.3392675900831819,0.5367522244341671,-0.8025153656490147,-0.5992195820994746
4887,146,0.6734,ok,0.6734,0.6939,14.434535056352615,17.914829775691032,3.480294719338417,0.24110888960062105,34.32647883892059,13.470097444951534,-20.85638139396906,-0.6075887215766899,99.30362552404404,112.57155984640121,13.267934322357178,0.1336097675421192,178.13634872436523,130.4059624671936,-47.73038625717163,-0.26794299197760046,5.7936906814575195,5.829091649502516,0.03540096804499626,0.006110262005925804,0.40620972868055105,0.19459605391602963,-0.21161367476452142,-0.5209468405689942
3038,147,0.6742,ok,0.6742,0.7679,15.68065956234932,5.9544057585299015,-9.726253803819418,-0.6202707076922346,36.23667359352112,13.511542230844498,-22.72513136267662,-0.6271307244586525,156.0446172952652,180.08922040462494,24.04460310935974,0.15408800076623544,166.27386212348938,175.20776391029358,8.9339017868042,0.053730043151154504,4.321597982198,3.607790917158127,-0.7138070650398731,-0.16517201923461308,0.9279862279072404,0.5324222729541361,-0.39556395495310426,-0.42626058777312376
3937,148,0.6746,ok,0.6746,0.8345,30.175872147083282,21.648865193128586,-8.527006953954697,-0.28257698443287227,211.08172833919525,1.0769033106043935,-210.00482502859086,-0.9948981689742759,38.280654698610306,200.4760354757309,162.1953807771206,4.23700644761984,80.02003282308578,18.910367041826248,-61.10966578125954,-0.7636795890394761,0.23692494141869247,0.03554828435881063,-0.20137665705988184,-0.8499597208046159,33.93728658556938,0.002058575091723469,-33.93522801047766,-0.9999393417889633
849,149,0.6747,ok,0.6747,0.6604,9.247981943190098,11.57914288341999,2.3311609402298927,0.25207239315021385,2.5081078056246042,1.7163791926577687,-0.7917286129668355,-0.3156676962574454,124.43927675485611,141.8733298778534,17.434053122997284,0.14010088757862327,144.6756273508072,186.5726113319397,41.89698398113251,0.28959255092456837,34.68429669737816,34.216511994600296,-0.46778470277786255,-0.013486930608952586,3.3464168664067984,1.02353619877249,-2.3228806676343083,-0.6941396605284541
1381,150,0.6748,ok,0.6748,0.8249,24.161310866475105,9.108479134738445,-15.05283173173666,-0.6230138677046341,21.684639155864716,1.2740351958200336,-20.410603960044682,-0.9412471110696133,70.5890879034996,169.25346851348877,98.66438060998917,1.3977285093252731,342.18114614486694,353.58184576034546,11.400699615478516,0.03331773168663091,29.828796163201332,7.284156512469053,-22.54463965073228,-0.7558011904799817,65.79466164112091,8.597664535045624,-57.19699710607529,-0.8693258036352272
3938,151,0.6748,ok,0.6748,0.6392,29.321961104869843,23.149214684963226,-6.172746419906616,-0.21051615196643295,207.3710560798645,154.22306954860687,-53.14798653125763,-0.2562941402525762,37.16041520237923,37.95565292239189,0.7952377200126648,0.021400130103006735,75.26373118162155,80.61859756708145,5.3548663854599,0.07114803241069571,0.23899017833173275,0.42373419273644686,0.1847440144047141,0.7730192750778163,37.49991953372955,77.25556194782257,39.75564241409302,1.0601527392168013
1449,152,0.6750,ok,0.675,0.684,22.34291471540928,20.854122936725616,-1.4887917786836624,-0.06663373143777364,10.693702846765518,8.362813852727413,-2.330888994038105,-0.2179683714274069,165.01645743846893,160.190150141716,-4.82630729675293,-0.029247430054378395,81.9900780916214,93.36370974779129,11.373631656169891,0.13871960999305558,28.55936996638775,21.383579820394516,-7.175790145993233,-0.25125869913932286,0.9268121793866158,0.7419002940878272,-0.18491188529878855,-0.19951387067568233
847,153,0.6751,ok,0.6751,0.6612,10.158369317650795,11.634915135800838,1.4765458181500435,0.14535264194268402,2.683823462575674,2.215905347838998,-0.4679181147366762,-0.174347575860155,123.87638539075851,140.19891619682312,16.322530806064606,0.13176466809696166,140.74523746967316,179.48411405086517,38.73887658119202,0.2752411184750689,32.018452882766724,33.010419458150864,0.99196657538414,0.03098109015498515,2.9639045242220163,1.2645393144339323,-1.699365209788084,-0.5733535597723559
846,154,0.6751,ok,0.6751,0.6612,10.158369317650795,11.634915135800838,1.4765458181500435,0.14535264194268402,2.683823462575674,2.215905347838998,-0.4679181147366762,-0.174347575860155,123.87638539075851,140.19891619682312,16.322530806064606,0.13176466809696166,140.74523746967316,179.48411405086517,38.73887658119202,0.2752411184750689,32.018452882766724,33.010419458150864,0.99196657538414,0.03098109015498515,2.9639045242220163,1.2645393144339323,-1.699365209788084,-0.5733535597723559
845,155,0.6752,ok,0.6752,0.6645,10.177910327911377,10.996161960065365,0.8182516321539879,0.0803948557013768,2.614825265482068,1.9528199918568134,-0.6620052736252546,-0.2531738094947647,122.4120482802391,137.66959309577942,15.257544815540314,0.12464087506003549,139.04283940792084,180.70419132709503,41.661351919174194,0.29962961125203313,32.552700489759445,33.02162513136864,0.4689246416091919,0.01440509188344322,2.198177622631192,1.1488971067592502,-1.049280515871942,-0.477341096128513
4876,156,0.6753,ok,0.6753,0.7624,13.638880103826523,6.022132467478514,-7.616747636348009,-0.5584584348835984,27.10673026740551,4.673706367611885,-22.433023899793625,-0.827581330484858,105.73653876781464,119.58994716405869,13.853408396244049,0.1310181755302635,172.5088357925415,183.6526244878769,11.143788695335388,0.06459836473962915,8.821506053209305,1.2985961511731148,-7.52290990203619,-0.852792012685784,0.39862978155724704,0.06390269118128344,-0.3347270903759636,-0.8396941369216128
3932,157,0.6753,ok,0.6753,0.8697,29.122287407517433,48.27435314655304,19.152065739035606,0.6576429066520311,194.6077048778534,2.2694002836942673,-192.33830459415913,-0.9883385897535831,37.91471570730209,169.8424369096756,131.9277212023735,3.4795914657739395,73.41182976961136,52.400410175323486,-21.011419594287872,-0.2862129940123832,0.47447223914787173,0.8026808500289917,0.32820861088111997,0.6917340653492523,30.867330729961395,0.05734755177400075,-30.809983178187395,-0.998142127925615
1399,158,0.6755,ok,0.6755,0.8437,8.46942886710167,8.211715146899223,-0.257713720202446,-0.030428701184739795,23.022372275590897,3.456623526290059,-19.565748749300838,-0.8498580648026924,80.449178814888,148.37928116321564,67.93010234832764,0.8443852796140218,319.1770017147064,389.62674140930176,70.44973969459534,0.22072310760524727,35.547662526369095,8.766410872340202,-26.781251654028893,-0.7533899488936209,83.77359807491302,26.335936039686203,-57.43766203522682,-0.6856296417382507
3040,159,0.6762,ok,0.6762,0.7163,16.549810767173767,14.87550139427185,-1.6743093729019165,-0.1011678862348612,22.72842265665531,14.135170727968216,-8.593251928687096,-0.3780839549888795,154.15410697460175,174.9124526977539,20.75834572315216,0.13465969950818296,164.4657552242279,172.16019332408905,7.694438099861145,0.046784439042466736,7.807186804711819,3.6999345757067204,-4.107252229005098,-0.5260860706607245,1.7983890138566494,0.5000180681236088,-1.2983709457330406,-0.7219633437087569
850,160,0.6765,ok,0.6765,0.6619,8.165347389876842,11.04660052806139,2.8812531381845474,0.3528635097334181,2.263775561004877,1.9320811843499541,-0.33169437665492296,-0.14652264224801761,125.67642331123352,140.31653106212616,14.64010775089264,0.11649048695980864,159.110888838768,185.9576851129532,26.84679627418518,0.16873010056143845,35.16985476016998,34.55481678247452,-0.6150379776954651,-0.017487646221160922,5.062279291450977,1.1378106428310275,-3.92446864861995,-0.7752374815130159
1394,161,0.6773,ok,0.6773,0.8772,8.707582019269466,9.452183730900288,0.7446017116308212,0.08551188033406437,12.505995109677315,1.88530667219311,-10.620688437484205,-0.8492477683175941,59.72727760672569,174.30709302425385,114.57981541752815,1.918383358638561,302.2434711456299,397.2681760787964,95.0247049331665,0.31439787457768037,43.58562082052231,5.683020688593388,-37.90260013192892,-0.8696124872926547,85.25749295949936,4.051256459206343,-81.20623650029302,-0.952482106632776
3048,162,0.6774,ok,0.6774,0.7104,15.653066337108612,15.918830409646034,0.2657640725374222,0.016978403260668306,29.532797634601593,18.845437094569206,-10.687360540032387,-0.36188107446721285,152.48042345046997,177.48188972473145,25.001466274261475,0.16396508947512642,158.68212282657623,174.48805272579193,15.805929899215698,0.09960750220420234,5.823753774166107,3.0713449232280254,-2.7524088509380817,-0.47261765481013907,0.977295683696866,0.39926054887473583,-0.5780351348221302,-0.5914639187145156
4356,163,0.6778,ok,0.6778,2.1995,35.2870337665081,146.36969566345215,111.08266189694405,3.1479739167641703,162.7298891544342,6.496382877230644,-156.23350627720356,-0.960078735928681,8.167607709765434,35.863373428583145,27.69576571881771,3.390927515495612,31.048564240336418,2.9219863936305046,-28.126577846705914,-0.9058898063365379,38.08585926890373,0.0032641262350807665,-38.08259514266865,-0.9999142955864003,62.207527458667755,5.377737721801168e-05,-62.20747368129054,-0.9999991355165618
844,164,0.6787,ok,0.6787,0.6671,9.425227530300617,10.884201154112816,1.4589736238121986,0.15479452555620848,2.42894166149199,1.9740087445825338,-0.45493291690945625,-0.18729676555097308,123.21370840072632,138.43007385730743,15.216365456581116,0.12349571856966703,143.8390165567398,179.52197790145874,35.68296134471893,0.24807567653692325,32.512132078409195,32.07830339670181,-0.4338286817073822,-0.01334359372867709,1.9621772225946188,1.1088772444054484,-0.8532999781891704,-0.43487406150849
4862,165,0.6789,ok,0.6789,0.6696,12.647408992052078,20.379237830638885,7.731828838586807,0.6113369816256963,29.53188307583332,23.61018769443035,-5.921695381402969,-0.20051871958848574,97.74845838546753,111.10641062259674,13.357952237129211,0.13665639804213184,136.26591861248016,165.99908471107483,29.733166098594666,0.21819957918569008,12.292487546801567,4.674587398767471,-7.617900148034096,-0.619719980925767,0.9237200720235705,0.17503384151495993,-0.7486862305086106,-0.8105120297629588
3933,166,0.6808,ok,0.6808,0.8063,25.29716119170189,27.391886338591576,2.0947251468896866,0.08280475152985979,173.3246147632599,1.496136886999011,-171.82847787626088,-0.9913680068520991,30.80841340124607,185.5635792016983,154.75516580045223,5.023146235573203,63.69848549365997,33.5879772901535,-30.11050820350647,-0.47270367529387214,0.6129118264652789,0.2943403087556362,-0.31857151770964265,-0.5197672878118131,42.072851210832596,0.005632418833556585,-42.06721879199904,-0.9998661269994437
3019,167,0.6811,ok,0.6811,0.7164,18.988749012351036,19.447701051831245,0.45895203948020935,0.02416968275170148,18.437590450048447,10.131086222827435,-8.306504227221012,-0.45052005302564824,170.472651720047,178.0494600534439,7.576808333396912,0.04444588769487596,151.88394486904144,154.37670052051544,2.492755651473999,0.016412239316165526,10.14038734138012,2.663792110979557,-7.476595230400562,-0.737308643022998,1.4775106683373451,0.2774986205622554,-1.2000120477750897,-0.8121850308705203
4699,168,0.6816,ok,0.6816,0.7112,10.76307613402605,2.037802943959832,-8.725273190066218,-0.8106672368954461,90.72656184434891,25.78740194439888,-64.93915989995003,-0.7157678917819027,37.72163391113281,24.299204349517822,-13.42242956161499,-0.3558284244324215,189.93240594863892,62.81951814889908,-127.11288779973984,-0.6692532912688602,5.335740279406309,41.06396436691284,35.72822408750653,6.696020086547747,23.611802607774734,246.91839516162872,223.306592553854,9.457414000247702
85,169,0.6816,ok,0.6816,0.5882,29.48823571205139,37.08665072917938,7.598415017127991,0.25767614893361135,22.27519080042839,138.24139535427094,115.96620455384254,5.206070089043291,180.4945319890976,111.92156374454498,-68.57296824455261,-0.3799171503361366,260.97026467323303,198.59538972377777,-62.37487494945526,-0.23901142541107623,12.184576131403446,7.517458405345678,-4.667117726057768,-0.3830348857215601,18.612943589687347,13.271150179207325,-5.341793410480022,-0.28699347767000627
1299,170,0.6821,ok,0.6821,0.6961,10.492945089936256,7.1482895873487,-3.344655502587557,-0.31875278808000274,108.77818614244461,40.795039385557175,-67.98314675688744,-0.624970402318198,29.14641797542572,123.48836660385132,94.3419486284256,3.2368282341922194,260.40923595428467,174.2851883172989,-86.12404763698578,-0.3307257798341109,6.785436533391476,4.434374161064625,-2.351062372326851,-0.346486531965505,53.22406068444252,16.02712832391262,-37.1969323605299,-0.6988743790344171
1298,171,0.6821,ok,0.6821,0.6961,10.492945089936256,7.1482895873487,-3.344655502587557,-0.31875278808000274,108.77818614244461,40.795039385557175,-67.98314675688744,-0.624970402318198,29.14641797542572,123.48836660385132,94.3419486284256,3.2368282341922194,260.40923595428467,174.2851883172989,-86.12404763698578,-0.3307257798341109,6.785436533391476,4.434374161064625,-2.351062372326851,-0.346486531965505,53.22406068444252,16.02712832391262,-37.1969323605299,-0.6988743790344171
646,172,0.6824,ok,0.6824,3.7563,16.380131244659424,244.38314139842987,228.00301015377045,13.919486159679492,10.47220453619957,6.014235783368349,-4.457968752831221,-0.42569534785357105,124.71126019954681,32.24705904722214,-92.46420115232468,-0.7414262433430264,50.63965544104576,0.3109268727712333,-50.32872856827453,-0.9938600120782178,39.017755538225174,0.09313307236880064,-38.92462246585637,-0.9976130592064026,2.109032357111573,0.0011606274483710877,-2.107871729663202,-0.9994496872253015
3037,173,0.6825,ok,0.6825,0.7436,27.07861177623272,19.181570038199425,-7.897041738033295,-0.2916339213875299,44.51819509267807,7.764583453536034,-36.753611639142036,-0.8255862925850496,169.52475905418396,197.51355051994324,27.988791465759277,0.16510149680739805,108.71224105358124,123.19153547286987,14.479294419288635,0.13318918163182925,2.907618647441268,4.102284088730812,1.194665441289544,0.4108741847356293,1.200942788273096,0.7749047945253551,-0.426037993747741,-0.354752947357605
2533,174,0.6831,ok,0.6831,4.6078,17.45779439806938,296.3642477989197,278.9064534008503,15.976041820706397,52.255187183618546,2.91021098382771,-49.344976199790835,-0.9443077110488272,3.0940226279199123,1.5286909183487296,-1.5653317095711827,-0.5059212222450821,48.57661947607994,0.04363134576124139,-48.5329881303187,-0.999101803578927,59.59215387701988,5.736340768635273,-53.85581310838461,-0.9037399993886219,74.31869208812714,0.14589163765776902,-74.17280045046937,-0.9980369455710446
2532,175,0.6831,ok,0.6831,4.6078,17.45779439806938,296.3642477989197,278.9064534008503,15.976041820706397,52.255187183618546,2.91021098382771,-49.344976199790835,-0.9443077110488272,3.0940226279199123,1.5286909183487296,-1.5653317095711827,-0.5059212222450821,48.57661947607994,0.04363134576124139,-48.5329881303187,-0.999101803578927,59.59215387701988,5.736340768635273,-53.85581310838461,-0.9037399993886219,74.31869208812714,0.14589163765776902,-74.17280045046937,-0.9980369455710446
3942,176,0.6834,ok,0.6834,0.82,24.879461154341698,28.278615325689316,3.399154171347618,0.13662491121735706,114.9991974234581,1.4600284630432725,-113.53916896041483,-0.9873040117169944,32.53110870718956,191.94577634334564,159.41466763615608,4.900376100643768,63.20158392190933,25.78192390501499,-37.41966001689434,-0.592068389664559,5.316874012351036,0.2649649977684021,-5.051909014582634,-0.9501652668178912,34.90710258483887,0.004882911071035778,-34.90221967376783,-0.9998601169759316
3934,177,0.6836,ok,0.6836,0.7999,30.37535585463047,26.116210967302322,-4.259144887328148,-0.14021711902607642,217.27527678012848,1.4195159310474992,-215.85576084908098,-0.9934667397410154,33.68261456489563,183.55852365493774,149.87590909004211,4.449651876082219,70.96774876117706,37.96792030334473,-32.999828457832336,-0.46499753809134364,0.6512150284834206,0.31626300187781453,-0.3349520266056061,-0.5143493499922103,43.91404613852501,0.01685055212874431,-43.897195586396265,-0.9996162833168324
815,178,0.6841,tgt_missing,0.6841,,14.165290631353855,,,,95.54082155227661,,,,30.178245157003403,,,,148.80017936229706,,,,6.997172255069017,,,,5.77823119238019,,,
1407,179,0.6843,ok,0.6843,0.7366,13.913151808083057,15.07248543202877,1.159333623945713,0.08332645542415347,6.701295264065266,3.879368305206299,-2.821926958858967,-0.4211017195423615,152.03382074832916,163.63854706287384,11.604726314544678,0.07632989986981047,131.60479068756104,99.89513456821442,-31.70965611934662,-0.24094606247752454,19.549930468201637,7.025097496807575,-12.524832971394062,-0.6406586965496353,4.300202243030071,0.49111025873571634,-3.809091984294355,-0.8857936834176285
1408,180,0.6843,ok,0.6843,0.7366,13.913151808083057,15.07248543202877,1.159333623945713,0.08332645542415347,6.701295264065266,3.879368305206299,-2.821926958858967,-0.4211017195423615,152.03382074832916,163.63854706287384,11.604726314544678,0.07632989986981047,131.60479068756104,99.89513456821442,-31.70965611934662,-0.24094606247752454,19.549930468201637,7.025097496807575,-12.524832971394062,-0.6406586965496353,4.300202243030071,0.49111025873571634,-3.809091984294355,-0.8857936834176285
3033,181,0.6843,ok,0.6843,0.7078,9.654889814555645,11.653095483779907,1.9982056692242622,0.20696307338606612,37.51130402088165,30.85370361804962,-6.657600402832031,-0.17748251031544793,164.8060530424118,176.11144483089447,11.305391788482666,0.06859815874343701,283.30641984939575,171.31702601909637,-111.98939383029938,-0.3952942326186338,23.371806368231773,5.176821257919073,-18.1949851103127,-0.7785014484393603,10.509817861020565,0.6724280538037419,-9.837389807216823,-0.9360190573522988
3032,182,0.6843,ok,0.6843,0.7078,9.654889814555645,11.653095483779907,1.9982056692242622,0.20696307338606612,37.51130402088165,30.85370361804962,-6.657600402832031,-0.17748251031544793,164.8060530424118,176.11144483089447,11.305391788482666,0.06859815874343701,283.30641984939575,171.31702601909637,-111.98939383029938,-0.3952942326186338,23.371806368231773,5.176821257919073,-18.1949851103127,-0.7785014484393603,10.509817861020565,0.6724280538037419,-9.837389807216823,-0.9360190573522988
3870,183,0.6849,ok,0.6849,0.7782,16.127031296491623,3.4741011913865805,-12.652930105105042,-0.7845790010873013,79.49407398700714,14.00966476649046,-65.48440922051668,-0.8237646649135096,12.415777891874313,127.06014513969421,114.6443672478199,9.233764347769991,52.11415886878967,270.88525891304016,218.7711000442505,4.197920580375499,42.08463802933693,6.270530633628368,-35.81410739570856,-0.8510019112138443,34.3976728618145,0.4567813884932548,-33.940891473321244,-0.98672057291991
325,184,0.6854,tgt_missing,0.6854,,24.848749861121178,,,,28.76279689371586,,,,151.74823999404907,,,,272.100567817688,,,,3.829469671472907,,,,7.727862801402807,,,
4861,185,0.6857,ok,0.6857,0.669,8.4692956879735,28.44930812716484,19.98001243919134,2.3591114509749844,36.490295082330704,26.85035951435566,-9.639935567975044,-0.26417806559867707,93.49558502435684,104.70342636108398,11.207841336727142,0.11987562122647129,138.67034018039703,156.9691151380539,18.29877495765686,0.13195882359451833,16.34429208934307,4.513379652053118,-11.830912437289953,-0.7238559108353205,1.215243712067604,0.195579239516519,-1.019664472551085,-0.8390617144739121
4860,186,0.6857,ok,0.6857,0.669,8.4692956879735,28.44930812716484,19.98001243919134,2.3591114509749844,36.490295082330704,26.85035951435566,-9.639935567975044,-0.26417806559867707,93.49558502435684,104.70342636108398,11.207841336727142,0.11987562122647129,138.67034018039703,156.9691151380539,18.29877495765686,0.13195882359451833,16.34429208934307,4.513379652053118,-11.830912437289953,-0.7238559108353205,1.215243712067604,0.195579239516519,-1.019664472551085,-0.8390617144739121
719,187,0.6858,ok,0.6858,0.7389,23.107824847102165,9.366686455905437,-13.741138391196728,-0.594653044244445,151.9649773836136,79.34589684009552,-72.61908054351807,-0.47786721515577707,4.648745059967041,5.618186201900244,0.9694411419332027,0.20853824622081468,12.570776976644993,19.80571635067463,7.234939374029636,0.5755363719737684,37.90449723601341,39.171893149614334,1.2673959136009216,0.03343655782345418,59.681713581085205,84.02727544307709,24.345561861991882,0.40792330516641984
3516,188,0.6862,ok,0.6862,0.7174,23.6897561699152,3.296306822448969,-20.39344934746623,-0.8608551815051979,56.5309077501297,12.406593188643456,-44.124314561486244,-0.7805343363053463,11.632236652076244,40.70566967129707,29.07343301922083,2.4993845886063104,43.160755187273026,133.50848853588104,90.34773334860802,2.0932843495576554,52.287742495536804,66.55307114124298,14.265328645706177,0.2728235713546792,36.548156291246414,19.214514642953873,-17.33364164829254,-0.4742685652913248
1393,189,0.6867,ok,0.6867,0.8775,8.832387626171112,9.093320928514004,0.2609333023428917,0.029542782018502474,11.420817114412785,1.8633394502103329,-9.557477664202452,-0.8368470984568306,60.21018698811531,177.07420885562897,116.86402186751366,1.940934378605751,298.36833477020264,394.2855894565582,95.91725468635559,0.3214726346890301,46.31849750876427,5.576386582106352,-40.742110926657915,-0.8796077834551692,54.59487810730934,4.057478159666061,-50.53739994764328,-0.9256802414378349
1392,190,0.6867,ok,0.6867,0.8775,8.832387626171112,9.093320928514004,0.2609333023428917,0.029542782018502474,11.420817114412785,1.8633394502103329,-9.557477664202452,-0.8368470984568306,60.21018698811531,177.07420885562897,116.86402186751366,1.940934378605751,298.36833477020264,394.2855894565582,95.91725468635559,0.3214726346890301,46.31849750876427,5.576386582106352,-40.742110926657915,-0.8796077834551692,54.59487810730934,4.057478159666061,-50.53739994764328,-0.9256802414378349
1396,191,0.6868,ok,0.6868,0.8651,9.346496313810349,10.510830208659172,1.1643338948488235,0.12457437051875879,25.495760142803192,3.7777998950332403,-21.717960247769952,-0.8518263478369121,77.41507887840271,167.18801856040955,89.77293968200684,1.1596311853277945,315.03036618232727,398.5583186149597,83.52795243263245,0.2651425430661174,19.84635181725025,5.113820545375347,-14.732531271874905,-0.7423294420826267,103.2993346452713,11.884602718055248,-91.41473192721605,-0.8849498618856856
4867,192,0.6869,ok,0.6869,0.6917,12.107116170227528,14.738580211997032,2.6314640417695045,0.21734854153299593,21.06926590204239,20.536458119750023,-0.532807782292366,-0.025288388535678278,105.25201261043549,112.86035925149918,7.60834664106369,0.07228694684655694,191.4083957672119,194.25691664218903,2.848520874977112,0.014881901410643664,9.57182701677084,3.2215635292232037,-6.350263487547636,-0.6634327465823726,0.9756835061125457,0.15794682258274406,-0.8177366835298017,-0.8381167442175406
3020,193,0.6870,ok,0.687,0.7525,30.871041119098663,20.994463935494423,-9.87657718360424,-0.3199301619113196,37.19254583120346,5.048213992267847,-32.144331838935614,-0.8642681247156643,167.90392994880676,197.6749747991562,29.771044850349426,0.17730999422959604,117.91601777076721,117.75673180818558,-0.15928596258163452,-0.0013508424520516959,4.5432173646986485,1.9440575269982219,-2.5991598377004266,-0.572096738733263,0.6604056688956916,0.039953392843017355,-0.6204522760526743,-0.9395017415434576
3042,194,0.6871,ok,0.6871,0.7077,12.832541018724442,15.226258896291256,2.3937178775668144,0.1865349874256432,26.78224816918373,19.177701324224472,-7.604546844959259,-0.28393982450320304,152.5290608406067,173.64457249641418,21.115511655807495,0.13843599075112162,165.57657718658447,167.64070093631744,2.064123749732971,0.012466278653694823,7.172906771302223,3.96939180791378,-3.203514963388443,-0.4466132163051734,1.6879303148016334,0.5424104165285826,-1.1455198982730508,-0.6786535488034486
4653,195,0.6871,ok,0.6871,0.894,12.51662615686655,0.12475886614993215,-12.391867290716618,-0.9900325483411926,176.96718871593475,0.6962824845686555,-176.2709062313661,-0.9960654712909164,41.21176898479462,181.34085834026337,140.12908935546875,3.400220199408824,260.6441378593445,333.7743282318115,73.13019037246704,0.2805748518768968,0.14239942538551986,0.09431343642063439,-0.04808598896488547,-0.337683869402574,1.1162471491843462,0.23959172540344298,-0.8766554237809032,-0.7853596082386278
1429,196,0.6875,ok,0.6875,0.6884,13.027862645685673,13.700793497264385,0.6729308515787125,0.051653204357474655,8.569744415581226,9.150796569883823,0.581052154302597,0.06780274021313251,153.3266305923462,158.20302069187164,4.876390099525452,0.031803934389521976,109.988734126091,92.06583350896835,-17.92290061712265,-0.16295214923171905,24.525178596377373,28.85214239358902,4.326963797211647,0.1764294510724087,1.1362101649865508,0.807646953035146,-0.3285632119514048,-0.2891746809493594
848,197,0.6876,ok,0.6876,0.6641,9.06793586909771,10.882297530770302,1.8143616616725922,0.2000854094982839,2.011562930420041,1.9807941280305386,-0.030768802389502525,-0.015295968087400373,125.4597157239914,135.66944003105164,10.209724307060242,0.08137850662376288,122.737817466259,182.02707171440125,59.28925424814224,0.48305612297889394,33.22061523795128,33.37595984339714,0.15534460544586182,0.004676150767623229,2.843645168468356,1.027103397063911,-1.8165417714044452,-0.6388074685080596
2528,198,0.6882,ok,0.6882,0.7137,11.173169128596783,10.325578972697258,-0.8475901558995247,-0.07585942234868613,62.08541989326477,35.01610457897186,-27.069315314292908,-0.4360011635715695,21.29201591014862,16.92892797291279,-4.363087937235832,-0.20491662018513762,170.6981062889099,67.99083203077316,-102.70727425813675,-0.6016895939331786,9.290091693401337,47.553159296512604,38.26306760311127,4.118696441961833,74.73649084568024,51.44462734460831,-23.29186350107193,-0.31165315948759453
2527,199,0.6882,ok,0.6882,0.7137,11.173169128596783,10.325578972697258,-0.8475901558995247,-0.07585942234868613,62.08541989326477,35.01610457897186,-27.069315314292908,-0.4360011635715695,21.29201591014862,16.92892797291279,-4.363087937235832,-0.20491662018513762,170.6981062889099,67.99083203077316,-102.70727425813675,-0.6016895939331786,9.290091693401337,47.553159296512604,38.26306760311127,4.118696441961833,74.73649084568024,51.44462734460831,-23.29186350107193,-0.31165315948759453
647,200,0.6896,ok,0.6896,3.769,22.20061607658863,245.13569474220276,222.93507866561413,10.041841987471123,11.157567612826824,2.692469162866473,-8.465098449960351,-0.7586867266866311,142.0239359140396,33.30385312438011,-108.7200827896595,-0.7655053501366321,20.66359668970108,0.4410147957969457,-20.222581893904135,-0.9786574040124993,48.03968220949173,0.07336565613513812,-47.96631655335659,-0.9984728113767447,3.507219487801194,0.0007999102535904967,-3.5064195775476037,-0.9997719246667132
