year,pft7_hydraulic,pft7_cstarvation,pft7_fire,pft9_hydraulic,pft9_cstarvation,pft9_fire,pft10_hydraulic,pft10_cstarvation,pft10_fire
1901,62.259538,12.698244,0,286.29881,5.9673942,0,28.621119,0.0010511978,0
1901.0833,63.510502,16.902063,0,290.61125,5.6321176,0,26.703504,0.00095416967,0
1901.1667,62.739986,21.901026,0,285.41284,5.3166705,0,24.036273,0.00086577438,0
1901.25,61.878593,26.765942,0,280.14746,5.0102372,0,21.498115,0.00078293257,0
1901.3333,60.931407,31.584473,0,274.99027,4.7231687,0,19.170138,0.00070808027,0
1901.4167,2.0150151,33.205847,0,9.0773669,16.107285,0,0.60062976,0.0019637803,0
1901.5,0,30.49449,0,0,18.643451,0,0,0.0022622257,0
1901.5833,0,13.898167,0,0,8.3670051,0,0,0.002012338,0
1901.6667,0,9.8893108,0,0,4.6507122,0,0,0.0017886367,0
1901.75,0,10.967987,0,0,3.3783239,0,0,0.0012194015,0
1901.8333,64.627812,17.218314,0,297.3928,2.9064847,0,25.550576,0.00085264482,0
1901.9167,65.987685,23.383236,0,302.04166,2.7462097,0,23.947479,0.00076370183,0
1902,65.105173,17.498243,0,296.36798,2.3138249,0,21.63678,0.0006578826,0
1902.0833,64.279898,23.845284,0,291.08008,2.1997132,0,19.654093,0.00059240607,0
1902.1667,63.431256,29.510734,0,285.89836,2.0919968,0,17.864863,0.00053356251,0
1902.25,62.543583,35.610604,0,280.64569,1.9869006,0,16.192324,0.00047881919,0
1902.3333,39.844433,41.244923,0,178.33132,1.8915995,0,9.6394705,0.00043199407,0
1902.4167,0,23.233456,0,0,6.7425147,0,0,0.0021115281,0
1902.5,0,18.341952,0,0,5.8145118,0,0,0.0015768556,0
1902.5833,0,13.425728,0,0,4.1283626,0,0,0.0011743963,0
1902.6667,0,12.588998,0,0,3.6684372,0,0,0.0009136394,0
1902.75,0,13.330532,0,0,3.1308,0,0,0.0006379535,0
1902.8333,0,16.172731,0,0,2.575638,0,0,0.00039790746,0
1902.9167,0,22.237813,0,0,2.4764449,0,0,0.00038663362,0
1903,0,20.639558,0,0,2.4266506,0,0,0.00032782361,0
1903.0833,0,26.514656,0,0,2.3480747,0,0,0.00031877438,0
1903.1667,50.209194,31.989895,0,231.15676,2.2564816,0,22.138764,0.00030293463,0
1903.25,66.74573,35.840482,0,306.41121,2.127853,0,27.228071,0.00027102307,0
1903.3333,12.796495,37.154258,0,58.6381,2.0229251,0,4.9506376,0.00024847392,0
1903.4167,0,23.877509,0,0,9.190952,0,0,0.0032235671,0
1903.5,0,23.200331,0,0,10.30557,0,0,0.0033265755,0
1903.5833,0,19.180787,0,0,8.6744524,0,0,0.0025097825,0
1903.6667,0,17.796911,0,0,7.6011178,0,0,0.0019805105,0
1903.75,0,19.894655,0,0,6.4504727,0,0,0.0012842009,0
1903.8333,2.3971821,25.568177,0,11.132707,5.8436225,0,1.1569027,0.0010139498,0
1903.9167,59.755368,29.363388,0,277.66309,5.577625,0,27.845928,0.00095681405,0
1904,70.246215,24.583373,0,325.1689,4.9214495,0,30.234873,0.00071193706,0
1904.0833,69.050261,26.235889,0,319.24888,4.6479183,0,27.452592,0.0006455184,0
1904.1667,67.951592,29.486803,0,313.45084,4.3910414,0,24.941117,0.00058551068,0
1904.25,66.991241,35.620873,0,307.57661,4.1413621,0,22.593238,0.00052937609,0
1904.3333,44.795241,41.402487,0,205.08876,3.9130323,0,14.0929,0.000480875,0
1904.4167,0,25.17301,0,0,12.28834,0,0,0.0035602806,0
1904.5,0,24.49174,0,0,12.071341,0,0,0.0033349633,0
1904.5833,0,21.061006,0,0,3.7799972,0,0,0.0027679934,0
1904.6667,0,18.755149,0,0,3.1648069,0,0,0.0023664141,0
1904.75,0,19.265411,0,0,2.5011314,0,0,0.00148303,0
1904.8333,36.719056,25.178066,0,172.40543,2.2439769,0,16.517111,0.001205434,0
1904.9167,72.6631,30.919382,0,339.89904,2.1115595,0,30.468753,0.0010957756,0
1905,71.596921,25.888227,0,333.20393,1.8817417,0,27.312306,0.00087438393,0
1905.0833,70.601355,31.013225,0,327.1368,1.773409,0,24.636172,0.00079238029,0
1905.1667,69.620473,35.878453,0,321.19269,1.6717965,0,22.238871,0.00071818634,0
1905.25,68.53924,40.335528,0,315.17211,1.5731285,0,20.013484,0.00064842622,0
1905.3333,45.778062,44.495891,0,210.1488,1.48283,0,12.415467,0.00058797208,0
1905.4167,0,33.933582,0,0,6.5033959,0,0,0.0032427463,0
1905.5,0,29.63538,0,0,5.5399438,0,0,0.0031384561,0
1905.5833,0,25.457122,0,0,4.6291987,0,0,0.0027758074,0
1905.6667,0,23.923016,0,0,4.2343522,0,0,0.0024522147,0
1905.75,0,21.907603,0,0,3.447871,0,0,0.001639402,0
1905.8333,0,22.210446,0,0,2.9829669,0,0,0.0011712637,0
1905.9167,0,28.213429,0,0,2.8865485,0,0,0.0011435791,0
1906,0,23.494313,0,0,2.5217727,0,0,0.0010343965,0
1906.0833,0,29.283243,0,0,2.4522984,0,0,0.0010150166,0
1906.1667,0,34.929897,0,0,2.3858827,0,0,0.00099605916,0
1906.25,0,35.619914,0,0,2.3201516,0,0,0.00097685139,0
1906.3333,0,35.641775,0,0,2.2575541,0,0,0.00095810595,0
1906.4167,0,30.428668,0,0,9.8258796,0,0,0.002455044,0
1906.5,0,27.530484,0,0,10.763318,0,0,0.0024744925,0
1906.5833,0,25.991995,0,0,9.1690205,0,0,0.002147124,0
1906.6667,0,26.453868,0,0,7.9881736,0,0,0.0019243717,0
1906.75,0,29.117906,0,0,7.3164628,0,0,0.0017461906,0
1906.8333,19.791585,31.725859,0,99.425721,5.907231,0,10.970473,0.00081857155,0
1906.9167,73.514199,34.747142,0,368.29519,5.6214486,0,38.383599,0.00074706878,0
1907,72.432301,27.817011,0,361.15549,4.8868335,0,34.365406,0.00063961793,0
1907.0833,71.466866,31.971345,0,354.48923,4.6454363,0,30.945403,0.00057353525,0
1907.1667,70.534286,35.681888,0,347.96686,4.4168715,0,27.884719,0.00051446656,0
1907.25,69.51251,38.350779,0,341.36422,4.1930468,0,25.047242,0.00045985787,0
1907.3333,66.250121,40.907841,0,324.19602,3.9817394,0,21.821932,0.00041123821,0
1907.4167,0,41.383476,0,0,10.074642,0,0,0.0023883928,0
1907.5,0,40.532642,0,0,13.01675,0,0,0.0030404781,0
1907.5833,0,38.813028,0,0,12.009321,0,0,0.0026396712,0
1907.6667,0,37.041548,0,0,11.001848,0,0,0.0023457873,0
1907.75,0,36.033657,0,0,9.1678467,0,0,0.0015237302,0
1907.8333,59.347548,37.862533,0,285.82679,8.2460579,0,23.47621,0.0011786639,0
1907.9167,70.253707,41.553049,0,337.02253,7.7054885,0,25.454071,0.0010614375,0
1908,69.187697,42.580767,0,330.57699,6.9548524,0,22.761176,0.00081221162,0
1908.0833,68.026335,44.744767,0,324.55003,6.5221321,0,20.471,0.000735698,0
1908.1667,66.991101,47.517356,0,318.64418,6.1182023,0,18.421305,0.00066696282,0
1908.25,63.547587,21.818634,0,312.65766,5.7280076,0,16.52089,0.00060222274,0
1908.3333,28.185003,18.407141,0,139.27949,5.3869103,0,6.8963005,0.00055115398,0
1908.4167,0,4.1836789,0,0,12.538457,0,0,0.0031952816,0
1908.5,0,4.618418,0,0,10.5334,0,0,0.0031128746,0
1908.5833,0,5.5014682,0,0,9.2693526,0,0,0.0027631942,0
1908.6667,0,6.5262417,0,0,8.3381867,0,0,0.0024445368,0
1908.75,0,7.6143505,0,0,6.9116817,0,0,0.0016904558,0
1908.8333,63.191662,8.9330913,0,322.57608,6.0259378,0,27.430279,0.0011819619,0
1908.9167,69.314882,11.681836,0,352.01148,5.611356,0,27.096732,0.0010621794,0
1909,68.420633,10.920737,0,345.30791,5.1416718,0,23.915317,0.00087413081,0
1909.0833,67.625119,13.416504,0,339.07281,4.8034052,0,21.253138,0.0007906079,0
1909.1667,66.839562,17.226876,0,332.96703,4.4892522,0,18.909405,0.0007152532,0
1909.25,65.988567,22.147852,0,326.77598,4.1874348,0,16.770682,0.00064497289,0
1909.3333,39.977853,27.001395,0,197.27331,3.916333,0,9.3369021,0.00058545383,0
1909.4167,0,9.411882,0,0,11.052517,0,0,0.0017120648,0
1909.5,0,9.6041285,0,0,8.5292393,0,0,0.0017979229,0
1909.5833,0,12.051879,0,0,7.3740011,0,0,0.0016494365,0
1909.6667,0,14.280644,0,0,6.9017987,0,0,0.0014960638,0
1909.75,0,15.935663,0,0,5.8251742,0,0,0.00093533277,0
1909.8333,9.7400424,18.13762,0,49.111561,5.2953053,0,5.1507369,0.00072485116,0
1909.9167,72.46671,20.574397,0,364.25212,4.9787895,0,36.117728,0.00066939677,0
1910,71.302274,21.418212,0,357.11726,4.4776628,0,32.042525,0.00055858778,0
1910.0833,69.367407,16.426367,0,350.46129,4.1778726,0,28.496718,0.00050051738,0
1910.1667,68.529353,18.109735,0,343.99421,3.905601,0,25.408412,0.00044989626,0
1910.25,67.652554,20.27683,0,337.44881,3.6433099,0,22.513846,0.00040301037,0
1910.3333,55.908814,20.91981,0,278.06931,3.4008939,0,16.856351,0.00036149071,0
1910.4167,0,10.397626,0,0,9.8285274,0,0,0.0015781966,0
1910.5,0,4.7799104,0,0,12.88711,0,0,0.001831342,0
1910.5833,0,2.8899985,0,0,11.280504,0,0,0.0013726353,0
1910.6667,0,2.8984707,0,0,8.1672398,0,0,0.0011348682,0
1910.75,0,3.1269572,0,0,3.0523804,0,0,0.00076838717,0
1910.8333,0,4.015901,0,0,2.6305305,0,0,0.00056573822,0
1910.9167,61.263209,4.8247367,0,294.77292,2.4942535,0,29.972398,0.00053080219,0
1911,71.766583,1.9054301,0,342.97718,2.2445714,0,31.882191,0.00032191676,0
1911.0833,70.79757,1.860487,0,336.30585,2.1008572,0,28.378969,0.00028959456,0
1911.1667,69.899029,3.9385153,0,329.77152,1.966979,0,25.288657,0.00026060423,0
1911.25,69.014136,7.6912325,0,323.16215,1.8378719,0,22.464047,0.00023367313,0
1911.3333,48.427353,12.478333,0,225.41025,1.7197279,0,14.418163,0.000210321,0
1911.4167,0,10.632629,0,0,8.531354,0,0,0.006600795,0
1911.5,0,5.5067865,0,0,4.6005536,0,0,0.0068900013,0
1911.5833,0,6.5651851,0,0,3.5534501,0,0,0.0058018164,0
1911.6667,0,9.9002722,0,0,3.2952511,0,0,0.0050179097,0
1911.75,0,9.9881225,0,0,2.8151247,0,0,0.0036949787,0
1911.8333,0,11.351917,0,0,2.4281334,0,0,0.0027742936,0
1911.9167,70.157235,17.64397,0,329.75203,2.3055382,0,34.601005,0.0026280965,0
1912,73.981049,10.390121,0,345.36256,2.0289192,0,32.927078,0.0019604857,0
1912.0833,73.043246,14.725876,0,338.44954,1.9066494,0,29.390345,0.0017870543,0
1912.1667,72.05408,21.588523,0,331.65511,1.7926099,0,26.262545,0.0016292259,0
1912.25,70.793151,26.441567,0,324.73251,1.6825837,0,23.395434,0.0014805832,0
1912.3333,15.838248,26.451538,0,72.350078,2.2527178,0,4.9233979,0.0028469217,0
1912.4167,0,8.5028823,0,0,4.6455799,0,0,0.009831472,0
1912.5,0,10.187188,0,0,3.249016,0,0,0.009034438,0
1912.5833,0,12.632326,0,0,1.8666239,0,0,0.0084560469,0
1912.6667,0,5.7141634,0,0,1.7291497,0,0,0.0079695186,0
1912.75,0,6.15654,0,0,1.5487632,0,0,0.0068861257,0
1912.8333,32.230935,8.2750829,0,151.12323,1.2374674,0,17.991266,0.0041207902,0
1912.9167,79.662592,15.564788,0,372.196,1.1594042,0,41.44461,0.0037718961,0
1913,78.514255,6.6262276,0,364.58249,0.98274562,0,36.856887,0.0030763118,0
1913.0833,77.419241,9.096108,0,357.39965,0.91862663,0,32.98782,0.002781642,0
1913.1667,76.043781,14.695743,0,350.28992,0.8589773,0,29.555367,0.0025158938,0
1913.25,74.699481,22.047591,0,343.06656,0.80152929,0,26.401226,0.0022677427,0
1913.3333,28.577986,23.801556,0,130.88518,0.75175307,0,9.4562422,0.0020773361,0
1913.4167,0,0.90028248,0,0,2.5972284,0,0,0.0076285586,0
1913.5,0,1.0507773,0,0,2.4344298,0,0,0.0070282704,0
1913.5833,0,1.2302845,0,0,2.268736,0,0,0.0063280699,0
1913.6667,0,1.4475782,0,0,2.130917,0,0,0.0057777149,0
1913.75,0,1.8443373,0,0,1.8338295,0,0,0.0041357558,0
1913.8333,0,2.3826395,0,0,1.5694683,0,0,0.0026964767,0
1913.9167,2.644072,3.2054009,0,12.485687,1.507868,0,1.3971921,0.0026230836,0
1914,81.34272,2.6991542,0,382.38657,1.3454977,0,40.683821,0.002321161,0
1914.0833,80.170679,2.8486366,0,373.94582,1.2637637,0,36.225569,0.0020847133,0
1914.1667,79.038532,3.3947311,0,365.7429,1.1873134,0,32.294649,0.0018774666,0
1914.25,77.866428,8.3831474,0,357.46833,1.1133684,0,28.701906,0.0016848414,0
1914.3333,49.582816,15.127548,0,226.31002,1.0467093,0,16.817869,0.0015196536,0
1914.4167,0,11.539979,0,0,3.8600578,0,0,0.0046814377,0
1914.5,0,9.3057152,0,0,3.9222063,0,0,0.0046286582,0
1914.5833,0,4.298078,0,0,3.6304693,0,0,0.0040762859,0
1914.6667,0,3.8301033,0,0,3.3623229,0,0,0.0035846943,0
1914.75,0,3.0232694,0,0,2.9834251,0,0,0.0028233847,0
1914.8333,38.744324,3.1680458,0,169.79299,2.4426227,0,18.271772,0.0016830854,0
1914.9167,18.637173,3.0320489,0,81.495498,2.3163965,0,8.4797323,0.0015600209,0
1915,60.058432,1.9287556,0,262.00368,2.0688937,0,25.929161,0.0013204617,0
1915.0833,80.01391,2.450454,0,346.19293,1.9508549,0,31.610897,0.001192431,0
1915.1667,78.934154,3.0998726,0,338.32414,1.8382881,0,28.158935,0.0010730661,0
1915.25,77.817257,6.5679024,0,330.40787,1.7291666,0,25.010704,0.00096198913,0
1915.3333,37.274531,17.308543,0,157.07136,1.6328974,0,11.089577,0.00087174964,0
1915.4167,0,7.3351968,0,0,5.6565792,0,0,0.0033732788,0
1915.5,0,6.0717396,0,0,5.5590284,0,0,0.0031873389,0
1915.5833,0,7.3728378,0,0,5.2284569,0,0,0.0028132564,0
1915.6667,0,9.4348805,0,0,4.9020432,0,0,0.0024462429,0
1915.75,0,12.014562,0,0,4.2403594,0,0,0.0017682159,0
1915.8333,0,16.733117,0,0,3.7003681,0,0,0.0012736414,0
1915.9167,0,21.804043,0,0,3.5625975,0,0,0.0012413951,0
1916,0,25.52911,0,0,3.2307529,0,0,0.0010366504,0
1916.0833,20.310946,28.18766,0,82.494362,3.1191699,0,9.659928,0.0010110671,0
1916.1667,80.5222,31.248971,0,325.30817,2.9582504,0,35.744301,0.00093075219,0
1916.25,79.130452,38.572615,0,317.97013,2.7816077,0,31.519694,0.00083446761,0
1916.3333,77.438757,42.876762,0,310.80001,2.6162609,0,27.779135,0.00074829075,0
1916.4167,30.571888,49.487842,0,122.32482,4.303774,0,10.152365,0.001893034,0
1916.5,0,51.589941,0,0,5.612567,0,0,0.0028896276,0
1916.5833,0,42.903784,0,0,4.1544566,0,0,0.0028022991,0
1916.6667,0,36.715404,0,0,2.9083027,0,0,0.0027157365,0
1916.75,0,33.139737,0,0,2.7808691,0,0,0.0026271297,0
1916.8333,2.61171,37.54509,0,9.8758942,2.176468,0,1.2932284,0.001539696,0
1916.9167,77.712753,44.141623,0,293.08993,2.0525475,0,36.424969,0.0014332536,0
1917,76.082028,40.631971,0,286.08174,1.813464,0,32.198752,0.0012400285,0
1917.0833,74.792753,45.624969,0,280.46366,1.696271,0,28.678376,0.0011139728,0
1917.1667,73.703425,53.745265,0,274.75707,1.5878415,0,25.568473,0.0010010319,0
1917.25,72.564002,61.341951,0,268.98516,1.483571,0,22.725907,0.00089626477,0
1917.3333,36.996274,67.033115,0,136.59652,1.3914106,0,10.734472,0.00081048405,0
1917.4167,0,46.122069,0,0,4.8405884,0,0,0.0014680249,0
1917.5,0,37.296834,0,0,4.5196102,0,0,0.001451712,0
1917.5833,0,24.307391,0,0,4.218385,0,0,0.0014059342,0
1917.6667,0,16.414547,0,0,3.9700073,0,0,0.0013325391,0
1917.75,0,14.776222,0,0,3.6159437,0,0,0.0011614633,0
1917.8333,76.247642,15.418295,0,288.98347,2.9236767,0,36.541534,0.00070557111,0
1917.9167,80.631199,18.195581,0,303.7352,2.7405239,0,35.187137,0.00062644494,0
1918,79.428719,17.438656,0,297.7118,2.4569677,0,31.478446,0.00054860031,0
1918.0833,78.271573,21.959792,0,292.04067,2.3135945,0,28.330553,0.00048919596,0
1918.1667,76.37561,15.795815,0,286.44222,2.1794139,0,25.520503,0.00043632898,0
1918.25,75.183508,17.224057,0,280.74941,2.0493367,0,22.922282,0.00038761532,0
1918.3333,74.158987,20.794188,0,275.14382,1.9276238,0,20.605418,0.00034437166,0
1918.4167,34.243855,26.140156,0,126.43497,4.5713645,0,8.8525033,0.0011509072,0
1918.5,0,27.121806,0,0,5.4765042,0,0,0.0012485985,0
1918.5833,0,21.074037,0,0,5.1312965,0,0,0.00087579139,0
1918.6667,0,16.227549,0,0,4.820748,0,0,0.00065786379,0
1918.75,7.6780391,13.187566,0,27.684601,4.2162992,0,3.1106401,0.0004849761,0
1918.8333,78.756223,16.26149,0,283.04452,2.7929135,0,30.26477,0.00026567377,0
1918.9167,77.68487,20.700545,0,277.54985,2.5939721,0,27.061086,0.00023515052,0
1919,76.328505,18.304006,0,272.01451,2.3159585,0,24.157645,0.00018665908,0
1919.0833,75.174055,22.377059,0,266.8499,2.1584979,0,21.687486,0.00016576359,0
1919.1667,74.214691,26.944722,0,261.8082,2.0136347,0,19.476841,0.00014738645,0
1919.25,73.202683,31.667056,0,256.67382,1.8746509,0,17.439456,0.00013052346,0
1919.3333,30.384294,33.338371,0,106.13126,1.7541545,0,6.7661955,0.0001172736,0
1919.4167,0,10.924616,0,0,4.4626667,0,0,0.0021531121,0
1919.5,0,5.9683654,0,0,4.0873071,0,0,0.0010720819,0
1919.5833,0,1.0010772,0,0,3.4722799,0,0,0.00052109734,0
1919.6667,0,0.004077465,0,0,1.4926634,0,0,0.00030027424,0
1919.75,0,0.13154826,0,0,1.3749391,0,0,0.0002354353,0
1919.8333,0,0.94252352,0,0,1.0509524,0,0,0.00015824743,0
1919.9167,0,1.9392064,0,0,1.0075722,0,0,0.00015331517,0
1920,0,0.87519015,0,0,1.0683656,0,0,0.00017234633,0
1920.0833,0,1.5196684,0,0,1.0342706,0,0,0.00016890868,0
1920.1667,0,2.125019,0,0,1.0020692,0,0,0.00016557275,0
1920.25,0,3.1987091,0,0,0.97037403,0,0,0.00016222168,0
1920.3333,0,4.3067719,0,0,0.9401671,0,0,0.0001589663,0
1920.4167,0,4.4079106,0,0,2.8033061,0,0,0.0027426127,0
1920.5,0,3.9529967,0,0,4.8686789,0,0,0.0050724057,0
1920.5833,0,4.0060504,0,0,4.3622523,0,0,0.0038210894,0
1920.6667,0,4.4168588,0,0,3.9253727,0,0,0.002934004,0
1920.75,0,4.8881749,0,0,3.1948129,0,0,0.0018783571,0
1920.8333,0,5.8146859,0,0,2.7101725,0,0,0.0013666409,0
1920.9167,13.930258,6.7408722,0,44.097269,2.6306508,0,7.2719639,0.0013435421,0
1921,85.190916,4.9594659,0,270.07994,2.1741848,0,42.071448,0.0010540466,0
1921.0833,84.093374,5.8083238,0,264.98757,2.0698843,0,37.54621,0.00096279477,0
1921.1667,83.030662,6.6286693,0,260.01598,1.9718092,0,33.507237,0.00087957953,0
1921.25,81.950752,7.4101019,0,254.98257,1.8794795,0,29.73917,0.00080101923,0
1921.3333,75.678879,8.2976814,0,234.06672,1.7927747,0,24.744781,0.00072960467,0
1921.4167,0,7.6894049,0,0,5.5404838,0,0,0.0037449545,0
1921.5,0,6.5343281,0,0,6.473016,0,0,0.004298971,0
1921.5833,0,3.5974593,0,0,6.0314469,0,0,0.0037990928,0
1921.6667,0,3.5314136,0,0,5.5924451,0,0,0.0033317891,0
1921.75,0,4.0699727,0,0,4.638297,0,0,0.0024162571,0
1921.8333,0,4.6993303,0,0,3.7911459,0,0,0.0016305103,0
1921.9167,0,5.8316033,0,0,3.6323324,0,0,0.0015928619,0
1922,0,3.9056251,0,0,3.1811416,0,0,0.0012501263,0
1922.0833,0,5.3338527,0,0,3.0627868,0,0,0.0012308965,0
1922.1667,0,7.1182267,0,0,2.9490578,0,0,0.0012119774,0
1922.25,0,9.4740581,0,0,2.8359916,0,0,0.001192729,0
1922.3333,0,11.160956,0,0,2.7274726,0,0,0.0011738069,0
1922.4167,0,10.598931,0,0,4.6096445,0,0,0.0045788511,0
1922.5,0,8.0713708,0,0,7.5993873,0,0,0.0075657062,0
1922.5833,0,7.4169888,0,0,7.1588458,0,0,0.0051532337,0
1922.6667,0,6.6485241,0,0,6.7762501,0,0,0.0037116602,0
1922.75,0,6.4105993,0,0,6.110055,0,0,0.0028210033,0
1922.8333,83.382112,8.6619803,0,245.71708,4.9252763,0,42.054264,0.0014868352,0
1922.9167,88.252253,11.325561,0,258.5106,4.6177292,0,40.578221,0.0013317954,0
1923,86.791776,6.6746947,0,252.66968,4.0851902,0,35.908941,0.0011177102,0
1923.0833,85.716208,7.5445813,0,248.1614,3.848124,0,32.383902,0.001006696,0
1923.1667,84.685987,8.742605,0,243.74571,3.6263097,0,29.231674,0.000908138,0
1923.25,83.66239,10.428793,0,239.273,3.4114299,0,26.310878,0.00081627169,0
1923.3333,82.561284,13.39677,0,234.89067,3.2106985,0,23.700595,0.00073414,0
1923.4167,13.645052,15.908181,0,38.72323,8.6656723,0,3.713242,0.007845768,0
1923.5,0,12.769657,0,0,9.057355,0,0,0.0066514868,0
1923.5833,0,11.051915,0,0,7.8075327,0,0,0.0045725903,0
1923.6667,0,10.445296,0,0,7.2448156,0,0,0.003797143,0
1923.75,0,10.557736,0,0,6.7933687,0,0,0.0033633917,0
1923.8333,54.764696,9.6367746,0,160.54089,5.7350271,0,26.55812,0.0021619237,0
1923.9167,90.350171,12.871928,0,263.53163,5.1701458,0,40.422274,0.0016904303,0
1924,89.238267,11.211899,0,258.50623,4.5362957,0,35.964183,0.0017421814,0
1924.0833,88.22549,15.144145,0,253.81743,4.270029,0,32.170735,0.0015858508,0
1924.1667,87.18036,21.277599,0,249.22635,4.0205471,0,28.809745,0.0014437896,0
1924.25,85.927281,27.267368,0,244.56967,3.7790042,0,25.724019,0.0013102197,0
1924.3333,76.541616,35.138488,0,216.97855,3.553723,0,20.879705,0.0011896539,0
1924.4167,0,24.111228,0,0,7.9644495,0,0,0.0089299704,0
1924.5,0,17.003802,0,0,8.6705363,0,0,0.0087808002,0
1924.5833,0,14.317256,0,0,8.0125708,0,0,0.0071057947,0
1924.6667,0,12.282161,0,0,4.0000191,0,0,0.0059221334,0
1924.75,0,13.626343,0,0,3.0492949,0,0,0.0037382111,0
1924.8333,0,20.840401,0,0,2.7457786,0,0,0.0030025195,0
1924.9167,0,28.40214,0,0,2.657956,0,0,0.0029463734,0
1925,21.201882,22.320002,0,61.369281,2.4513209,0,10.455927,0.0025088561,0
1925.0833,93.195442,28.235019,0,268.81682,2.3417113,0,43.560007,0.0023392978,0
1925.1667,91.916048,35.170664,0,263.9113,2.220314,0,39.298424,0.0021274957,0
1925.25,90.657878,43.01521,0,258.92921,2.1017052,0,35.354302,0.0019288832,0
1925.3333,40.527237,49.189333,0,115.33621,2.1928957,0,14.795962,0.0021274336,0
1925.4167,0,34.128746,0,0,7.2398189,0,0,0.011814277,0
1925.5,0,23.35836,0,0,5.8810043,0,0,0.0099869394,0
1925.5833,0,15.141577,0,0,4.2622073,0,0,0.0083080793,0
1925.6667,0,5.0801544,0,0,3.0877884,0,0,0.0068300655,0
1925.75,0,2.8830013,0,0,2.6743382,0,0,0.0058778021,0
1925.8333,0,3.1478226,0,0,2.1126852,0,0,0.0036738663,0
1925.9167,0,3.5076809,0,0,1.8368985,0,0,0.0027699261,0
1926,0,2.4429603,0,0,1.7026203,0,0,0.0025476495,0
1926.0833,86.431699,3.0370976,0,251.20856,1.6304699,0,43.912396,0.0024334316,0
1926.1667,99.684285,8.730286,0,287.92334,1.537464,0,46.205989,0.0022098784,0
1926.25,98.349396,21.265924,0,282.30663,1.4469758,0,41.142499,0.0019986527,0
1926.3333,15.726911,28.688237,0,45.009629,1.3749024,0,6.1996861,0.0018636007,0
1926.4167,0,7.5902597,0,0,4.5704586,0,0,0.0055518939,0
1926.5,0,0.87113105,0,0,6.5379191,0,0,0.0075191478,0
1926.5833,0,0.84194577,0,0,5.9637902,0,0,0.0064370165,0
1926.6667,0,0.75956824,0,0,5.2956944,0,0,0.00567855,0
1926.75,0,1.2610214,0,0,4.7449663,0,0,0.0042624174,0
1926.8333,0,2.345579,0,0,4.0698015,0,0,0.002564205,0
1926.9167,21.221375,4.3991607,0,60.445546,3.9270874,0,13.362882,0.0024722538,0
1927,0,0.55083937,0,0,3.5584151,0,0,0.0022064922,0
1927.0833,103.31564,4.4865143,0,294.56229,3.4241819,0,62.241626,0.0020901333,0
1927.1667,105.8053,13.578356,0,299.71756,3.2493239,0,57.937622,0.0018928451,0
1927.25,104.40031,25.300332,0,293.82084,3.0778043,0,51.660228,0.0017080585,0
1927.3333,86.468343,37.568909,0,241.97141,2.917182,0,38.956553,0.0015430231,0
1927.4167,0,36.834966,0,0,7.5078782,0,0,0.0038545713,0
1927.5,0,34.372128,0,0,8.7400605,0,0,0.0046337206,0
1927.5833,0,30.738545,0,0,7.9399682,0,0,0.0042607643,0
1927.6667,0,31.752086,0,0,7.1956382,0,0,0.0039137562,0
1927.75,0,34.081266,0,0,5.5356552,0,0,0.0020137493,0
1927.8333,0,43.948878,0,0,5.262335,0,0,0.0018503251,0
1927.9167,0,54.107934,0,0,5.0712513,0,0,0.0018050386,0
1928,0,46.386966,0,0,4.6623485,0,0,0.0016847175,0
1928.0833,0,56.22937,0,0,4.5096647,0,0,0.00164772,0
1928.1667,0,64.70668,0,0,4.3627968,0,0,0.0016116116,0
1928.25,74.551282,75.294391,0,211.93921,4.1903999,0,40.576694,0.0015445748,0
1928.3333,13.650344,77.792651,0,38.740109,3.9919681,0,7.1258833,0.0014395713,0
1928.4167,0,45.238653,0,0,8.1513198,0,0,0.0043440896,0
1928.5,0,34.272134,0,0,8.7297416,0,0,0.0041386839,0
1928.5833,0,33.158847,0,0,7.9313089,0,0,0.0035713552,0
1928.6667,0,34.345813,0,0,7.254941,0,0,0.0031949799,0
1928.75,0,36.246733,0,0,6.3207672,0,0,0.0024920267,0
1928.8333,0,41.023861,0,0,5.2907542,0,0,0.0015259469,0
1928.9167,0,48.682125,0,0,5.0956328,0,0,0.0014847858,0
1929,0,48.482392,0,0,4.5984927,0,0,0.0012856782,0
1929.0833,0,55.699631,0,0,4.4466277,0,0,0.0012556984,0
1929.1667,0,61.820684,0,0,4.3006378,0,0,0.0012258747,0
1929.25,0,66.824619,0,0,4.1554518,0,0,0.0011973528,0
1929.3333,0,65.723239,0,0,4.0163859,0,0,0.001169586,0
1929.4167,0,56.76505,0,0,9.0703838,0,0,0.0058644952,0
1929.5,0,53.810755,0,0,9.0608106,0,0,0.0048907177,0
1929.5833,0,52.599344,0,0,8.2990258,0,0,0.0039313477,0
1929.6667,0,51.83868,0,0,7.6160679,0,0,0.0032508683,0
1929.75,0,51.35402,0,0,6.4769023,0,0,0.0022659128,0
1929.8333,0,54.816877,0,0,5.6551503,0,0,0.0016055803,0
1929.9167,11.253623,60.691393,0,31.654039,5.4148205,0,10.09259,0.001562525,0
1930,22.411902,66.764888,0,63.064072,4.9924301,0,19.787236,0.0013591358,0
1930.0833,92.732674,63.715932,0,263.23459,4.7512128,0,78.820519,0.0012942909,0
1930.1667,110.03119,49.239831,0,314.384,4.4502878,0,85.824038,0.0011691361,0
1930.25,107.75085,42.18364,0,307.65856,4.1588055,0,75.610416,0.0010516239,0
1930.3333,72.105772,42.996657,0,204.67608,3.8925454,0,46.054233,0.00095008027,0
1930.4167,0,39.952641,0,0,10.448773,0,0,0.0057566649,0
1930.5,0,37.282364,0,0,13.87212,0,0,0.0077076202,0
1930.5833,0,35.347601,0,0,11.920301,0,0,0.0063849776,0
1930.6667,0,32.990184,0,0,9.4139101,0,0,0.0053373856,0
1930.75,0,31.287635,0,0,6.6275414,0,0,0.004336002,0
1930.8333,0,32.894097,0,0,4.6654146,0,0,0.002533587,0
1930.9167,0,34.743455,0,0,4.4834302,0,0,0.00248253,0
1931,0,35.549238,0,0,4.127423,0,0,0.0020693996,0
1931.0833,7.8347773,37.589314,0,21.829815,3.9681832,0,6.2080492,0.0020384083,0
1931.1667,108.87656,37.88931,0,301.98032,3.761447,0,81.281344,0.0019153975,0
1931.25,107.36195,39.572246,0,295.38848,3.5220586,0,71.740723,0.0017340938,0
1931.3333,3.4303101,36.590369,0,9.4214464,3.3391476,0,2.1708278,0.0016333601,0
1931.4167,0,25.307222,0,0,10.76278,0,0,0.0071172326,0
1931.5,0,12.48215,0,0,13.716734,0,0,0.010286424,0
1931.5833,0,9.2754788,0,0,10.616984,0,0,0.0087262153,0
1931.6667,0,8.7397305,0,0,9.0171621,0,0,0.007481592,0
1931.75,0,8.5980256,0,0,7.3682959,0,0,0.0051655653,0
1931.8333,0,9.3575347,0,0,6.6198559,0,0,0.0037884379,0
1931.9167,0,10.758715,0,0,6.4550203,0,0,0.0037155807,0
1932,0,10.024957,0,0,5.4930325,0,0,0.0032530627,0
1932.0833,0,11.948399,0,0,5.3853159,0,0,0.0032027264,0
1932.1667,0,13.711557,0,0,5.2820279,0,0,0.0031531937,0
1932.25,0,14.868001,0,0,5.179883,0,0,0.0031046231,0
1932.3333,0,15.169919,0,0,5.0819558,0,0,0.0030569282,0
1932.4167,0,14.130349,0,0,15.30046,0,0,0.014640161,0
1932.5,0,13.113197,0,0,17.704884,0,0,0.013707995,0
1932.5833,0,11.498246,0,0,15.717377,0,0,0.011272947,0
1932.6667,0,11.531408,0,0,14.574874,0,0,0.0097219236,0
1932.75,0,12.145668,0,0,13.271297,0,0,0.0075359734,0
1932.8333,3.9064299,13.157503,0,9.8459143,11.722117,0,3.4267043,0.004747051,0
1932.9167,52.645238,14.629697,0,132.5343,11.214499,0,44.979215,0.00448186,0
1933,99.789895,14.58848,0,250.17408,10.240424,0,79.179525,0.0036012947,0
1933.0833,112.85162,14.955427,0,281.97458,9.654579,0,81.119953,0.0032550106,0
1933.1667,111.5282,15.366846,0,276.5189,9.1062667,0,71.801342,0.0029469781,0
1933.25,110.16748,16.272417,0,271.00961,8.5723294,0,63.264151,0.0026597197,0
1933.3333,70.361173,19.773876,0,171.98003,8.0844461,0,36.760216,0.0024132711,0
1933.4167,0,16.13443,0,0,12.67051,0,0,0.0097457892,0
1933.5,0,13.623972,0,0,15.316889,0,0,0.012879034,0
1933.5833,0,13.158465,0,0,14.291392,0,0,0.01021674,0
1933.6667,0,13.140872,0,0,13.353804,0,0,0.0084960756,0
1933.75,0,13.055104,0,0,11.698206,0,0,0.0060548721,0
1933.8333,0,16.267826,0,0,10.298311,0,0,0.0039797456,0
1933.9167,0,20.323858,0,0,9.8384428,0,0,0.0038843785,0
1934,104.11571,18.988343,0,265.82189,9.0596185,0,67.435445,0.0032506794,0
1934.0833,112.35738,22.624946,0,288.65607,8.3838555,0,66.098624,0.0029174308,0
1934.1667,110.30778,18.735964,0,282.9469,7.8303842,0,58.616932,0.0026377853,0
1934.25,108.87703,21.801762,0,277.17541,7.298078,0,51.785343,0.0023770705,0
1934.3333,72.949435,24.340438,0,184.54796,6.8124857,0,31.630451,0.0021514383,0
1934.4167,0,15.839872,0,0,9.8327131,0,0,0.0091495886,0
1934.5,0,8.3468198,0,0,8.4224624,0,0,0.010602831,0
1934.5833,0,7.3744834,0,0,6.5366774,0,0,0.0094034282,0
1934.6667,0,7.1054862,0,0,5.4056146,0,0,0.0081046337,0
1934.75,0,7.3205653,0,0,4.2776249,0,0,0.006621871,0
1934.8333,31.451057,9.4546518,0,80.640995,3.2330495,0,19.041351,0.0039001813,0
1934.9167,116.95553,13.356677,0,298.30907,3.0660795,0,65.754981,0.0035959407,0
1935,115.40709,8.2748509,0,291.29306,2.6068051,0,55.101907,0.0029591554,0
1935.0833,114.06924,11.356731,0,285.35242,2.4695583,0,48.628326,0.0026861965,0
1935.1667,112.64059,14.531028,0,279.53164,2.3404916,0,42.954877,0.0024390954,0
1935.25,111.02155,16.18146,0,273.6171,2.2150224,0,37.803615,0.0022071991,0
1935.3333,109.51072,19.681537,0,267.81391,2.0971926,0,33.298405,0.0019974178,0
1935.4167,18.094627,22.157335,0,44.06905,5.076357,0,5.1473692,0.0044030518,0
1935.5,0,16.447672,0,0,7.2320047,0,0,0.0068108315,0
1935.5833,0,10.31464,0,0,6.3004086,0,0,0.006238376,0
1935.6667,0,6.8846481,0,0,5.6443329,0,0,0.0058100027,0
1935.75,0,8.9322904,0,0,4.8789383,0,0,0.0049391268,0
1935.8333,0,14.049701,0,0,3.9493463,0,0,0.0028956799,0
1935.9167,0,19.09589,0,0,3.821282,0,0,0.0028271524,0
1936,0,11.945961,0,0,3.4255323,0,0,0.0025569551,0
1936.0833,0,16.810419,0,0,3.3301585,0,0,0.0025051154,0
1936.1667,0,20.251669,0,0,3.238431,0,0,0.0024544728,0
1936.25,0,23.448089,0,0,3.1472075,0,0,0.0024033143,0
1936.3333,0,18.314266,0,0,4.0913492,0,0,0.0060041431,0
1936.4167,0,8.95872,0,0,9.2095862,0,0,0.022044968,0
1936.5,0,7.5291987,0,0,7.322431,0,0,0.012697263,0
1936.5833,0,6.5036056,0,0,6.2539714,0,0,0.0089000684,0
1936.6667,0,2.2726335,0,0,5.6400032,0,0,0.0068160154,0
1936.75,0,2.9084918,0,0,5.1123865,0,0,0.0061941721,0
1936.8333,0,3.4431041,0,0,4.2934743,0,0,0.0044682415,0
1936.9167,0,7.1021815,0,0,3.7777525,0,0,0.003283398,0
1937,0,6.3490705,0,0,3.3209469,0,0,0.0026320242,0
1937.0833,0,9.7209556,0,0,3.222343,0,0,0.0025857586,0
1937.1667,0,14.289539,0,0,3.1273861,0,0,0.0025404693,0
1937.25,0,18.525868,0,0,3.0326662,0,0,0.0024947522,0
1937.3333,0,19.627058,0,0,2.941751,0,0,0.0024502083,0
1937.4167,0,15.237011,0,0,6.2417045,0,0,0.025443231,0
1937.5,0,8.9135257,0,0,8.1491972,0,0,0.032182675,0
1937.5833,0,8.6455063,0,0,7.2420636,0,0,0.019901,0
1937.6667,0,10.841141,0,0,6.4264693,0,0,0.013692249,0
1937.75,0,14.455099,0,0,5.6720099,0,0,0.0098335278,0
1937.8333,0,19.582975,0,0,4.6299772,0,0,0.0060113528,0
1937.9167,0,24.772619,0,0,4.4657154,0,0,0.0058875137,0
1938,47.078023,23.032393,0,112.95944,4.0729386,0,32.005976,0.0044934649,0
1938.0833,120.28428,28.628209,0,287.53698,3.8751922,0,76.575648,0.0041785617,0
1938.1667,118.69421,33.52704,0,281.91024,3.6593468,0,68.475504,0.0037878416,0
1938.25,101.52455,39.297766,0,239.69883,3.4501033,0,53.233401,0.0034249025,0
1938.3333,14.990184,39.495328,0,35.274888,3.297393,0,7.4725642,0.0032355266,0
1938.4167,0,25.290395,0,0,13.07204,0,0,0.039345524,0
1938.5,0,23.921589,0,0,9.8644637,0,0,0.030059431,0
1938.5833,0,22.59802,0,0,8.0156641,0,0,0.022883256,0
1938.6667,0,19.066324,0,0,7.2171246,0,0,0.017473915,0
1938.75,0,20.179299,0,0,6.5119988,0,0,0.014304781,0
1938.8333,8.4955823,21.735398,0,21.43367,5.0400942,0,4.6899112,0.0084232206,0
1938.9167,0,23.647499,0,0,4.7128664,0,0,0.0075704503,0
1939,0,27.382526,0,0,4.3918305,0,0,0.0082517139,0
1939.0833,0,28.305544,0,0,4.2625688,0,0,0.0081481516,0
1939.1667,107.17986,29.818353,0,269.69287,4.0997849,0,57.223882,0.0077921542,0
1939.25,44.708274,29.754379,0,111.93799,3.899757,0,22.426442,0.0071910489,0
1939.3333,0,28.038432,0,0,3.778619,0,0,0.0070597047,0
1939.4167,0,22.246643,0,0,10.135556,0,0,0.039872547,0
1939.5,0,19.046617,0,0,13.131448,0,0,0.054087485,0
1939.5833,0,18.181044,0,0,10.612187,0,0,0.042686451,0
1939.6667,0,17.954026,0,0,8.3056195,0,0,0.036225826,0
1939.75,0,17.996744,0,0,6.641337,0,0,0.027365389,0
1939.8333,73.656362,18.474586,0,187.28523,5.3600005,0,39.870601,0.017298993,0
1939.9167,128.56811,19.307337,0,325.01325,5.0321001,0,63.787538,0.015734653,0
1940,126.61447,20.527446,0,317.88165,4.4510747,0,55.955352,0.012729915,0
1940.0833,124.85844,21.654135,0,311.18371,4.1865075,0,49.64471,0.011571913,0
1940.1667,122.70309,17.304853,0,304.63515,3.9388169,0,44.096587,0.010519617,0
1940.25,112.15187,11.900393,0,278.21171,3.700081,0,36.578664,0.0095364019,0
1940.3333,3.8490837,7.9601474,0,9.5047583,7.7910438,0,1.192599,0.023773077,0
1940.4167,0,1.7973066,0,0,13.139501,0,0,0.042598395,0
1940.5,0,1.1252209,0,0,10.690046,0,0,0.035059427,0
1940.5833,0,0.92849476,0,0,8.4137164,0,0,0.028670108,0
1940.6667,0,1.1244656,0,0,6.7651526,0,0,0.024648847,0
1940.75,0,1.5136016,0,0,4.9833957,0,0,0.019400106,0
1940.8333,4.3416228,2.077915,0,11.151782,3.7650466,0,1.9250638,0.011686506,0
1940.9167,125.08558,4.3892177,0,319.79543,3.5601635,0,51.798529,0.010969252,0
1941,127.44074,2.8549414,0,322.20439,3.2172558,0,44.08414,0.0094366434,0
1941.0833,125.76781,3.4103264,0,315.0278,2.9965732,0,38.830842,0.0085367129,0
1941.1667,124.03063,5.1064231,0,308.01597,2.7914738,0,34.233901,0.0077236953,0
1941.25,118.23678,8.9222533,0,291.01442,2.5942237,0,29.133781,0.0069636641,0
1941.3333,0,8.3155672,0,0,2.9881478,0,0,0.0077926961,0
1941.4167,0,2.0362971,0,0,9.7819457,0,0,0.024661154,0
1941.5,0,1.7852631,0,0,8.3257794,0,0,0.0228334,0
1941.5833,0,1.7462647,0,0,6.9750924,0,0,0.020787159,0
1941.6667,0,1.8591318,0,0,5.7422391,0,0,0.018925292,0
1941.75,0,2.0115119,0,0,4.2855756,0,0,0.013861608,0
1941.8333,0,2.2201705,0,0,3.5508326,0,0,0.0089573347,0
1941.9167,0,2.7706846,0,0,3.417513,0,0,0.0087675433,0
1942,0,4.7302634,0,0,2.4608707,0,0,0.0087904482,0
1942.0833,0,5.426287,0,0,2.3849901,0,0,0.0086161584,0
1942.1667,0,5.8161179,0,0,2.4007017,0,0,0.0084471366,0
1942.25,0,6.0225224,0,0,2.7528843,0,0,0.0082762762,0
1942.3333,0,5.4316416,0,0,3.1696051,0,0,0.0081095222,0
1942.4167,0,3.6580675,0,0,10.880982,0,0,0.020350588,0
1942.5,0,2.9591874,0,0,10.531268,0,0,0.020763464,0
1942.5833,0,2.6888136,0,0,8.574768,0,0,0.01811332,0
1942.6667,0,2.5591358,0,0,7.0908801,0,0,0.016103722,0
1942.75,0,2.7749948,0,0,5.9492432,0,0,0.014688885,0
1942.8333,0,3.2232494,0,0,4.3662625,0,0,0.0076019286,0
1942.9167,0,5.2915801,0,0,4.1806613,0,0,0.0071845097,0
1943,0,9.6057741,0,0,3.3662073,0,0,0.0065072632,0
1943.0833,0,12.33569,0,0,3.2656408,0,0,0.0063548584,0
1943.1667,0,15.320944,0,0,3.170006,0,0,0.006207458,0
1943.25,0,17.87134,0,0,3.0754349,0,0,0.006059034,0
1943.3333,0,17.370071,0,0,2.9962863,0,0,0.005914601,0
1943.4167,0,7.8310555,0,0,34.54536,0,0,0.017018713,0
1943.5,0,5.5630302,0,0,15.635533,0,0,0.013962415,0
1943.5833,0,5.3910154,0,0,9.2035125,0,0,0.011842913,0
1943.6667,0,4.3918891,0,0,7.729961,0,0,0.010214869,0
1943.75,0,6.3207655,0,0,6.3888874,0,0,0.0090855165,0
1943.8333,0,8.7685682,0,0,4.6675757,0,0,0.0046831439,0
1943.9167,0,11.702119,0,0,4.513354,0,0,0.0045608588,0
1944,0,14.96508,0,0,3.5575036,0,0,0.0043756717,0
1944.0833,0,21.73683,0,0,3.4591073,0,0,0.0042687048,0
1944.1667,0,30.138243,0,0,3.3664607,0,0,0.0041651822,0
1944.25,0,37.830564,0,0,3.2750945,0,0,0.0040610305,0
1944.3333,0,40.889691,0,0,3.1879597,0,0,0.0039597757,0
1944.4167,0,27.98544,0,0,10.50785,0,0,0.015241203,0
1944.5,0,18.752152,0,0,11.828612,0,0,0.016806711,0
1944.5833,0,13.998717,0,0,10.139557,0,0,0.01265407,0
1944.6667,0,13.336855,0,0,8.6406755,0,0,0.0096160021,0
1944.75,0,14.332702,0,0,7.0786605,0,0,0.0074714602,0
1944.8333,0,20.131606,0,0,5.2350803,0,0,0.0043509325,0
1944.9167,52.059777,28.20792,0,116.26492,4.9509348,0,32.770483,0.0041683389,0
1945,59.691044,34.728921,0,132.90719,4.0743877,0,35.961785,0.0037821522,0
1945.0833,98.151558,40.463998,0,217.12527,3.9040657,0,55.661433,0.0035199369,0
1945.1667,129.37755,45.906455,0,283.44603,3.7118219,0,67.029754,0.0031869513,0
1945.25,127.59261,55.802644,0,276.51119,3.5210997,0,59.493205,0.0028717372,0
1945.3333,105.56665,67.228006,0,226.68892,3.342339,0,44.708285,0.0025936568,0
1945.4167,0,64.054582,0,0,7.4471735,0,0,0.013593272,0
1945.5,0,54.358739,0,0,10.402374,0,0,0.019082889,0
1945.5833,0,47.544183,0,0,8.7507155,0,0,0.012873783,0
1945.6667,0,46.232112,0,0,7.2800595,0,0,0.010877067,0
1945.75,0,47.175037,0,0,5.2826406,0,0,0.0077644899,0
1945.8333,0,53.756406,0,0,4.3455372,0,0,0.0058143869,0
1945.9167,0,62.873459,0,0,4.1700094,0,0,0.0057105877,0
1946,0,75.444102,0,0,3.6086433,0,0,0.0053275889,0
1946.0833,0,75.028741,0,0,3.2910652,0,0,0.0052153749,0
1946.1667,0,77.848481,0,0,3.226562,0,0,0.0051348631,0
1946.25,0,81.978937,0,0,3.818594,0,0,0.005053438,0
1946.3333,0,78.697473,0,0,4.9036923,0,0,0.0049735861,0
1946.4167,0,62.956823,0,0,28.306649,0,0,0.027428809,0
1946.5,0,56.532651,0,0,17.062393,0,0,0.025969279,0
1946.5833,0,46.792255,0,0,8.2350248,0,0,0.020426317,0
1946.6667,0,45.754128,0,0,6.4485466,0,0,0.017050381,0
1946.75,0,47.471753,0,0,5.496016,0,0,0.014579168,0
1946.8333,0,53.022159,0,0,4.4874697,0,0,0.0086685627,0
1946.9167,0,59.696842,0,0,4.2374066,0,0,0.0079334809,0
1947,0,57.69076,0,0,4.0450446,0,0,0.007252819,0
1947.0833,0,63.484531,0,0,3.9108572,0,0,0.0071320101,0
1947.1667,0,67.627052,0,0,3.7821172,0,0,0.0070135378,0
1947.25,0,70.351699,0,0,3.654082,0,0,0.0068932307,0
1947.3333,0,64.132357,0,0,4.9628279,0,0,0.010569464,0
1947.4167,0,52.073569,0,0,12.99303,0,0,0.033164793,0
1947.5,0,46.066442,0,0,10.423807,0,0,0.026234328,0
1947.5833,0,33.279257,0,0,8.5774709,0,0,0.019352799,0
1947.6667,0,23.617377,0,0,7.7489804,0,0,0.015067264,0
1947.75,0,25.226251,0,0,6.8596355,0,0,0.011418542,0
1947.8333,4.5378209,31.295218,0,9.7577489,5.6283705,0,4.1845652,0.0071259595,0
1947.9167,0,38.297347,0,0,5.4249206,0,0,0.0069776556,0
1948,0,38.355236,0,0,5.14497,0,0,0.0067952689,0
1948.0833,0,37.603168,0,0,4.9728514,0,0,0.0066754237,0
1948.1667,62.413976,46.36048,0,262.39677,4.7568253,0,57.052001,0.0064855153,0
1948.25,38.506901,53.87926,0,82.871729,4.5080624,0,33.638396,0.0060291717,0
1948.3333,0,56.219724,0,0,4.3498524,0,0,0.0058973583,0
1948.4167,0,48.900061,0,0,9.0684529,0,0,0.017777993,0
1948.5,0,41.636283,0,0,12.193429,0,0,0.026564897,0
1948.5833,0,39.524714,0,0,10.226872,0,0,0.023843899,0
1948.6667,0,38.166322,0,0,8.9344436,0,0,0.021223239,0
1948.75,0,39.636377,0,0,7.7240422,0,0,0.015902654,0
1948.8333,0,45.94078,0,0,6.3610586,0,0,0.010276096,0
1948.9167,59.662404,52.476833,0,232.60824,6.07054,0,52.132497,0.0099717662,0
1949,130.83905,56.625951,0,270.93846,5.4521831,0,104.6925,0.0084584787,0
1949.0833,129.18847,60.472421,0,264.4676,5.1388188,0,91.991113,0.007671444,0
1949.1667,127.56925,63.820786,0,258.16301,4.845673,0,80.87991,0.006960595,0
1949.25,125.96679,67.352354,0,251.80973,4.5610399,0,70.811301,0.006298664,0
1949.3333,116.3434,70.603897,0,229.96447,4.2942472,0,58.269911,0.005700824,0
1949.4167,0,68.958782,0,0,9.8478496,0,0,0.017942643,0
1949.5,0,63.779983,0,0,9.6961584,0,0,0.018917848,0
1949.5833,0,56.146685,0,0,8.181445,0,0,0.016631683,0
1949.6667,0,42.496336,0,0,7.053335,0,0,0.015310336,0
1949.75,0,38.258449,0,0,5.9547628,0,0,0.014454101,0
1949.8333,0,41.854048,0,0,4.9984386,0,0,0.0093186976,0
1949.9167,0,46.995104,0,0,4.4907967,0,0,0.0071180857,0
1950,0,39.281261,0,0,4.1202241,0,0,0.006491901,0
1950.0833,0,44.484978,0,0,3.9490784,0,0,0.0063631746,0
1950.1667,0,48.922825,0,0,3.785884,0,0,0.006237208,0
1950.25,0,50.956529,0,0,3.6254716,0,0,0.0061099437,0
1950.3333,0,47.630998,0,0,3.4731398,0,0,0.0059856469,0
1950.4167,0,36.903656,0,0,10.378388,0,0,0.023153472,0
1950.5,0,28.154756,0,0,10.614024,0,0,0.025175456,0
1950.5833,0,11.804109,0,0,9.4944298,0,0,0.021246958,0
1950.6667,0,10.675917,0,0,8.8200297,0,0,0.018462549,0
1950.75,0,12.496267,0,0,8.3812751,0,0,0.016879968,0
1950.8333,0,14.57445,0,0,6.5193509,0,0,0.0087534565,0
1950.9167,0,16.714589,0,0,6.2772254,0,0,0.0085533009,0
1951,0,9.1295121,0,0,5.8038524,0,0,0.007187675,0
1951.0833,0,5.2375859,0,0,5.5772985,0,0,0.0070358913,0
1951.1667,0,8.5999224,0,0,5.3898513,0,0,0.0068982153,0
1951.25,0,11.583644,0,0,5.2032943,0,0,0.0067589538,0
1951.3333,0,7.8271937,0,0,5.0243742,0,0,0.0066231289,0
1951.4167,0,3.7167931,0,0,16.459884,0,0,0.027529626,0
1951.5,0,3.2511645,0,0,9.4530194,0,0,0.026654899,0
1951.5833,0,2.7440177,0,0,8.4664952,0,0,0.024710856,0
1951.6667,0,2.2253117,0,0,7.8849547,0,0,0.023084137,0
1951.75,0,2.0032924,0,0,6.1476246,0,0,0.015475491,0
1951.8333,0,2.1154312,0,0,5.4052548,0,0,0.012562393,0
1951.9167,0,2.6455358,0,0,5.2120827,0,0,0.012295638,0
1952,0,2.6620903,0,0,4.6778496,0,0,0.011384799,0
1952.0833,0,3.9138467,0,0,4.5286136,0,0,0.011177966,0
1952.1667,0,5.4104068,0,0,4.3853274,0,0,0.010975232,0
1952.25,0,6.6661746,0,0,4.2432199,0,0,0.010769875,0
1952.3333,0,7.4406149,0,0,4.1072044,0,0,0.010568913,0
1952.4167,0,6.631647,0,0,9.688798,0,0,0.017348836,0
1952.5,0,5.9165472,0,0,13.963219,0,0,0.023973392,0
1952.5833,0,6.2631756,0,0,12.456412,0,0,0.023244225,0
1952.6667,0,6.72049,0,0,11.32283,0,0,0.022271385,0
1952.75,0,4.3054161,0,0,9.3144314,0,0,0.021248733,0
1952.8333,0,3.2588721,0,0,7.3655649,0,0,0.01313322,0
1952.9167,0,5.0219199,0,0,6.825978,0,0,0.011616779,0
1953,27.972442,5.3850174,0,49.723277,5.9091268,0,28.750086,0.0099346907,0
1953.0833,143.3489,8.1546486,0,252.77211,5.6022577,0,138.57834,0.0091739876,0
1953.1667,141.70013,8.4172421,0,245.69907,5.2713256,0,122.76093,0.0082312931,0
1953.25,140.16221,15.813709,0,238.59133,4.9507309,0,108.22219,0.0073584764,0
1953.3333,8.9854176,14.819595,0,15.15289,6.5558233,0,6.5279888,0.0081071826,0
1953.4167,0,5.5549162,0,0,13.029267,0,0,0.011007908,0
1953.5,0,4.2544325,0,0,10.891116,0,0,0.01052282,0
1953.5833,0,3.9962151,0,0,9.3773322,0,0,0.010101225,0
1953.6667,0,5.0552075,0,0,8.4936697,0,0,0.009564815,0
1953.75,0,1.1302972,0,0,7.5175406,0,0,0.0085573321,0
1953.8333,72.967116,1.2339382,0,118.47666,6.0698415,0,68.466401,0.0056043764,0
1953.9167,154.93012,1.8199751,0,249.43869,5.6918674,0,134.00573,0.0050644694,0
1954,152.98726,1.8658898,0,243.51584,5.2828354,0,118.22856,0.0044315336,0
1954.0833,151.28563,3.5117277,0,238.07063,4.9545424,0,104.94875,0.0039697899,0
1954.1667,149.54083,5.3352855,0,232.81616,4.6478294,0,93.189252,0.0035570403,0
1954.25,147.67535,10.251281,0,227.44096,4.5603664,0,82.385965,0.0031751268,0
1954.3333,37.797386,14.133775,0,57.839095,10.767648,0,19.67674,0.0073719461,0
1954.4167,0,2.9574825,0,0,28.384484,0,0,0.020144942,0
1954.5,0,1.5760589,0,0,17.31565,0,0,0.011074598,0
1954.5833,0,1.4595382,0,0,9.1945565,0,0,0.0072230178,0
1954.6667,0,1.4309347,0,0,6.6945763,0,0,0.0053320808,0
1954.75,0,1.4534713,0,0,6.2733325,0,0,0.0044608246,0
1954.8333,0,1.4927491,0,0,5.312754,0,0,0.0030400621,0
1954.9167,0,1.6332175,0,0,4.7429146,0,0,0.002378076,0
1955,0,1.7178836,0,0,4.4232923,0,0,0.0022652535,0
1955.0833,55.488253,1.8280218,0,89.416843,4.2407879,0,39.982737,0.0021883186,0
1955.1667,153.78919,1.8574567,0,246.1854,3.9882135,0,103.15196,0.0019987416,0
1955.25,151.73373,1.8808594,0,240.08528,3.7278447,0,91.276267,0.0017901465,0
1955.3333,29.146171,1.9160486,0,45.784322,3.5964416,0,16.430204,0.0016446555,0
1955.4167,0,1.6165927,0,0,22.022246,0,0,0.022758238,0
1955.5,0,1.4404068,0,0,9.6534709,0,0,0.016560377,0
1955.5833,0,0.97634466,0,0,7.0179037,0,0,0.011048064,0
1955.6667,0,0.67281535,0,0,5.8002024,0,0,0.0068944872,0
1955.75,0,0.71729114,0,0,4.9913969,0,0,0.0043033582,0
1955.8333,0,0.84974146,0,0,4.1641252,0,0,0.0027941126,0
1955.9167,0,1.3801724,0,0,3.9921357,0,0,0.0027521842,0
1956,0,2.7943418,0,0,3.6539956,0,0,0.002695298,0
1956.0833,0,3.2831523,0,0,3.5148916,0,0,0.0026583683,0
1956.1667,0,3.739027,0,0,3.3824715,0,0,0.0026225145,0
1956.25,0,5.1250315,0,0,3.3818756,0,0,0.0025863499,0
1956.3333,0,6.1862336,0,0,3.5761534,0,0,0.0025511584,0
1956.4167,0,3.6271797,0,0,24.107483,0,0,0.029995428,0
1956.5,0,2.8700615,0,0,10.693935,0,0,0.026844439,0
1956.5833,0,2.769592,0,0,7.7475292,0,0,0.021870565,0
1956.6667,0,2.8511325,0,0,6.3525305,0,0,0.018130995,0
1956.75,0,3.0017379,0,0,4.8879688,0,0,0.013068434,0
1956.8333,0,4.2200713,0,0,4.1551844,0,0,0.0089220517,0
1956.9167,0,7.5380253,0,0,4.0008043,0,0,0.0088085209,0
1957,0,5.5738936,0,0,3.9628754,0,0,0.0086311239,0
1957.0833,0,7.7178696,0,0,3.8275374,0,0,0.0085266393,0
1957.1667,0,8.8850819,0,0,3.6978249,0,0,0.0084234616,0
1957.25,0,10.973789,0,0,3.5692386,0,0,0.0083181162,0
1957.3333,0,11.153115,0,0,6.2316022,0,0,0.012217019,0
1957.4167,0,8.353606,0,0,29.213612,0,0,0.047400611,0
1957.5,0,2.9529185,0,0,13.763034,0,0,0.041649033,0
1957.5833,0,1.1658802,0,0,8.7180537,0,0,0.035396636,0
1957.6667,0,1.2019507,0,0,6.0323257,0,0,0.03098106,0
1957.75,0,1.4079044,0,0,4.8488018,0,0,0.02796576,0
1957.8333,0,1.809091,0,0,3.7201635,0,0,0.01865876,0
1957.9167,0,2.9525507,0,0,3.3369075,0,0,0.014764611,0
1958,0,15.157007,0,0,3.3425399,0,0,0.013375232,0
1958.0833,0,19.873427,0,0,3.2406276,0,0,0.013187368,0
1958.1667,0,24.416105,0,0,3.143449,0,0,0.01300563,0
1958.25,0,26.083669,0,0,3.0473104,0,0,0.012820647,0
1958.3333,0,23.983839,0,0,2.9549418,0,0,0.012638734,0
1958.4167,0,15.609465,0,0,33.806891,0,0,0.043059151,0
1958.5,0,15.111954,0,0,32.191343,0,0,0.045579013,0
1958.5833,0,14.901314,0,0,26.389753,0,0,0.042103023,0
1958.6667,0,16.949856,0,0,22.846147,0,0,0.039081303,0
1958.75,0,17.528219,0,0,17.719311,0,0,0.031146878,0
1958.8333,0,20.291654,0,0,14.28817,0,0,0.019833426,0
1958.9167,0,24.964477,0,0,13.979999,0,0,0.019403443,0
1959,0,25.426758,0,0,13.065139,0,0,0.017462363,0
1959.0833,0,29.483428,0,0,12.819855,0,0,0.017138075,0
1959.1667,0,30.435649,0,0,12.578884,0,0,0.016820594,0
1959.25,0,31.362872,0,0,12.333369,0,0,0.016499108,0
1959.3333,0,31.0586,0,0,12.092402,0,0,0.016184479,0
1959.4167,0,24.623975,0,0,37.199602,0,0,0.035217757,0
1959.5,0,22.213935,0,0,31.493659,0,0,0.035474377,0
1959.5833,0,22.368559,0,0,25.853651,0,0,0.0340736,0
1959.6667,0,24.032616,0,0,21.941078,0,0,0.032386066,0
1959.75,0,26.086141,0,0,18.54253,0,0,0.028241912,0
1959.8333,0,28.818239,0,0,14.585362,0,0,0.016494444,0
1959.9167,0,32.650833,0,0,14.117605,0,0,0.01609156,0
1960,0,37.604883,0,0,13.619815,0,0,0.015429384,0
1960.0833,0,39.817148,0,0,13.205011,0,0,0.01508089,0
1960.1667,0,41.558623,0,0,12.803679,0,0,0.014740813,0
1960.25,0,43.091585,0,0,12.401686,0,0,0.014397116,0
1960.3333,0,40.931475,0,0,14.198686,0,0,0.01546123,0
1960.4167,0,34.183526,0,0,31.918579,0,0,0.026497066,0
1960.5,0,32.033933,0,0,26.737668,0,0,0.026068371,0
1960.5833,0,19.596885,0,0,16.384732,0,0,0.025169289,0
1960.6667,0,4.6712292,0,0,10.920461,0,0,0.024184793,0
1960.75,0,1.7945409,0,0,7.8445089,0,0,0.017631373,0
1960.8333,0,3.9228334,0,91.105338,6.6306396,0,0,0.012510969,0
1960.9167,0,10.524238,0,63.497394,6.4809397,0,0,0.01210946,0
1961,0,18.929997,0,0,6.4976106,0,0,0.011664888,0
1961.0833,137.73337,25.598646,0,183.295,6.3537424,0,140.51631,0.011094053,0
1961.1667,173.36834,31.243047,0,226.9645,6.1043012,0,159.3481,0.0099772299,0
1961.25,171.09839,37.520042,0,219.80029,5.8519173,0,139.48956,0.0089208849,0
1961.3333,60.166591,40.204002,0,76.271569,5.6396242,0,45.234533,0.0081126815,0
1961.4167,0,18.145088,0,0,23.667208,0,0,0.025076306,0
1961.5,0,8.819136,0,0,15.191669,0,0,0.020393296,0
1961.5833,0,9.2006914,0,0,11.945781,0,0,0.016112164,0
1961.6667,0,9.1673224,0,0,8.249869,0,0,0.012719685,0
1961.75,0,9.8067858,0,0,5.3091395,0,0,0.0092885502,0
1961.8333,18.060291,11.589881,0,21.199723,4.3376525,0,17.043705,0.0068331756,0
1961.9167,34.628031,14.979244,0,40.631642,4.1926621,0,32.198493,0.006562413,0
1962,176.81503,12.825208,0,206.83638,4.0599562,0,153.38169,0.0059942216,0
1962.0833,174.37718,15.487009,0,202.22766,3.8555785,0,134.72496,0.0053766754,0
1962.1667,171.93062,18.390391,0,197.72243,3.663739,0,118.4116,0.0048238996,0
1962.25,169.60814,22.751397,0,193.20867,3.4764712,0,103.6478,0.0043113244,0
1962.3333,54.21945,27.940148,0,61.387893,3.3183958,0,30.627361,0.0039249658,0
1962.4167,0,10.430538,0,0,16.262304,0,0,0.018686147,0
1962.5,0,8.8806022,0,0,14.171815,0,0,0.019692879,0
1962.5833,0,9.4791637,0,0,9.9644973,0,0,0.016083604,0
1962.6667,0,10.655123,0,0,6.6504038,0,0,0.013422557,0
1962.75,0,12.065818,0,0,4.9926512,0,0,0.011258485,0
1962.8333,95.708323,13.953244,0,117.62694,3.7343179,0,63.322131,0.0068582268,0
1962.9167,177.37342,16.102802,0,216.86184,3.5587411,0,107.14785,0.0062646064,0
1963,173.97324,21.332746,0,211.91344,3.391619,0,87.782728,0.0056405911,0
1963.0833,171.33963,23.959497,0,207.25142,3.2343618,0,77.111051,0.0051258328,0
1963.1667,168.71939,25.816445,0,202.74479,3.0848842,0,67.8251,0.0046617738,0
1963.25,166.07869,30.238539,0,198.1534,3.0441381,0,59.440302,0.0042275076,0
1963.3333,126.80627,35.06755,0,150.28561,5.7021784,0,40.966546,0.0057540305,0
1963.4167,0,28.248331,0,0,25.778289,0,0,0.026303977,0
1963.5,0,21.232917,0,0,17.766377,0,0,0.012945383,0
1963.5833,0,20.663373,0,0,11.82705,0,0,0.010253867,0
1963.6667,0,20.545799,0,0,9.401311,0,0,0.0084534073,0
1963.75,0,20.56164,0,0,7.5608977,0,0,0.0058489509,0
1963.8333,150.6792,21.093935,0,184.75448,6.8191209,0,61.302842,0.0044045096,0
1963.9167,171.4232,21.673257,0,207.5666,6.4994912,0,62.814023,0.0039929913,0
1964,166.78894,23.826344,0,199.72358,5.9131252,0,53.905449,0.003519584,0
1964.0833,164.37771,28.337583,0,193.90303,5.6131718,0,47.718234,0.0032035615,0
1964.1667,161.8896,30.881751,0,188.24489,5.3248384,0,42.299327,0.0029166305,0
1964.25,158.39042,21.682558,0,182.52581,5.0537891,0,37.37913,0.0026469533,0
1964.3333,151.21559,28.601247,0,171.18286,11.721284,0,32.066095,0.0024029472,0
1964.4167,0,30.796861,0,0,36.412487,0,0,0.0054297272,0
1964.5,0,15.933717,0,0,36.822162,0,0,0.006683604,0
1964.5833,0,11.346354,0,0,32.067443,0,0,0.0054747325,0
1964.6667,0,10.813669,0,0,23.013023,0,0,0.0045835499,0
1964.75,0,11.788781,0,0,11.772183,0,0,0.0041162193,0
1964.8333,49.960963,14.135394,0,52.301672,9.2100309,0,15.40479,0.0023876831,0
1964.9167,165.09683,17.274763,0,170.62861,8.6107078,0,47.568709,0.0022090732,0
1965,162.70628,17.574559,0,164.9271,8.0327167,0,42.269139,0.0019958648,0
1965.0833,158.95794,16.863462,0,159.46624,7.4155524,0,37.60892,0.0017977176,0
1965.1667,156.06036,19.607959,0,154.1964,6.931976,0,33.59628,0.0016230223,0
1965.25,153.76485,25.295043,0,148.69276,6.513763,0,29.966555,0.0014717763,0
1965.3333,151.56336,32.681238,0,143.18674,6.4237099,0,26.729824,0.0013351871,0
1965.4167,20.033852,37.017939,0,18.664395,75.856817,0,3.3356256,0.0032684871,0
1965.5,0,28.464759,0,0,36.121979,0,0,0.0032867152,0
1965.5833,0,21.255408,0,0,6.1404625,0,0,0.0027158663,0
1965.6667,0,17.836449,0,0,5.1113917,0,0,0.0023399714,0
1965.75,0,15.942258,0,0,3.9477939,0,0,0.0017189971,0
1965.8333,21.187338,17.149998,0,17.564805,3.4399303,0,5.3599659,0.0012032897,0
1965.9167,155.90901,20.433013,0,129.24253,3.2741831,0,37.690544,0.0011300631,0
1966,152.71782,29.812677,0,126.18369,3.1576387,0,33.799931,0.0010209235,0
1966.0833,150.07273,34.00077,0,123.38184,3.0808628,0,30.504896,0.0009279532,0
1966.1667,147.59047,37.710627,0,120.62874,3.0758647,0,27.55913,0.00084357032,0
1966.25,145.1297,41.456871,0,117.8626,3.0482938,0,24.832339,0.00076429291,0
1966.3333,142.7109,46.20204,0,115.13807,3.1226063,0,22.394769,0.00069251026,0
1966.4167,37.642479,49.408417,0,30.237863,6.7618124,0,5.5894052,0.0012231586,0
1966.5,0,38.759499,0,0,6.7579261,0,0,0.0015693903,0
1966.5833,0,31.520699,0,0,3.7516112,0,0,0.0013473833,0
1966.6667,0,27.708817,0,0,2.624892,0,0,0.0012056106,0
1966.75,0,26.596514,0,0,1.954701,0,0,0.00095793297,0
1966.8333,0,29.132555,0,0,1.6256048,0,0,0.0006453764,0
1966.9167,0,31.673796,0,0,1.594062,0,0,0.00063258267,0
1967,8.28759,10.760419,0,8.4078641,0.9705551,0,2.1759138,0.00056165176,0
1967.0833,127.28238,5.367251,0,128.80331,0.71227064,0,31.935307,0.00049582792,0
1967.1667,125.04412,9.0259291,0,125.85711,0.67384509,0,28.701444,0.00042196645,0
1967.25,122.45606,14.976111,0,122.68704,0.65605167,0,23.766178,0.00035680117,0
1967.3333,27.108951,40.789501,0,27.182526,0.63392097,0,3.8150341,0.00031563083,0
1967.4167,0,8.4034885,0,0,3.4889241,0,0,0.00051773868,0
1967.5,0,1.472391,0,0,1.4037955,0,0,8.2973044e-06,0
1967.5833,0,0.88977762,0,0,0.14746034,0,0,3.0851535e-08,0
1967.6667,0,0.73120858,0,0,0.027707026,0,0,9.7787587e-09,0
1967.75,0,0.68245875,0,0,0.045399819,0,0,2.4924136e-10,0
1967.8333,85.628006,0.77791616,0,98.61317,0.13768279,0,18.421805,0,0
1967.9167,126.16918,0.87729552,0,144.81123,0.20729597,0,24.914277,8.7826386e-12,0
1968,119.13551,0.76090788,0,137.03708,0.2672495,0,20.411856,2.3140834e-10,0
1968.0833,116.9388,3.0569085,0,133.52041,0.30929781,0,18.076911,8.2666629e-11,0
1968.1667,112.53645,33.407079,0,128.21804,0.32990475,0,14.675161,0,0
1968.25,109.60886,76.236431,0,124.13298,0.86068145,0,12.585025,0,0
1968.3333,74.59107,117.40024,0,84.040058,1.5933142,0,7.7492202,0,0
1968.4167,0,62.298191,0,0,7.068995,0,0,3.4872112e-06,0
1968.5,0,0.043528165,0,0,4.6951875,0,0,6.6144868e-09,0
1968.5833,0,0.0024717183,0,0,1.7249177,0,0,0,0
1968.6667,0,0.017993173,0,0,0.64902853,0,0,0,0
1968.75,0,0.038832451,0,0,0.72765097,0,0,0,0
1968.8333,0,0.050778547,0,0,1.7405958,0,0,0,0
1968.9167,48.896643,0.05771788,0,62.010778,2.7246861,0,9.3333352,0,0
1969,105.81481,0.083489791,0,133.49335,3.2563478,0,18.257144,0,0
1969.0833,103.55584,1.6069577,0,129.48208,3.5832265,0,15.949398,0,0
1969.1667,99.621193,5.7943046,0,123.75086,3.7852845,0,13.323215,0,0
1969.25,97.650704,23.11416,0,120.07615,3.8796295,0,11.611543,4.8983384e-05,0
1969.3333,6.1724529,33.626268,0,7.5614553,8.2371719,0,0.58748949,0.0026970193,0
1969.4167,0,0.016672699,0,0,14.957713,0,0,0.0040260724,0
1969.5,0,0.00086382702,0,0,3.1848174,0,0,0,0
1969.5833,0,0.00010079486,0,0,0.60884653,0,0,0,0
1969.6667,0,0.0035497481,0,0,0.10266419,0,0,0,0
1969.75,0,0.028441914,0,0,0.0070526993,0,0,0,0
1969.8333,40.747402,0.08854886,0,55.107659,0.077742175,0,9.2038101,0,0
1969.9167,99.79313,0.21230373,0,134.57467,0.48229628,0,20.782328,0,0
1970,97.086983,0.32260289,0,130.42836,0.99516328,0,17.963071,0,0
1970.0833,94.585173,0.38124849,0,126.64248,1.2300126,0,13.954489,0,0
1970.1667,92.226877,3.5324747,0,122.59809,1.4819947,0,10.658986,0,0
1970.25,89.780841,42.893746,0,118.2626,1.7300902,0,8.9442864,0,0
1970.3333,44.731991,100.94454,0,58.392397,6.8039818,0,3.6517402,0.0012051982,0
1970.4167,0,5.4602792,0,0,31.366012,0,0,0.0090600328,0
1970.5,0,0.50665626,0,0,14.393908,0,0,0.00037347122,0
1970.5833,0,0.80917492,0,0,5.9027866,0,0,0,0
1970.6667,0,1.1621928,0,0,1.836286,0,0,0,0
1970.75,0,1.4185591,0,16.913623,1.7838041,0,0,0,0
1970.8333,51.423014,1.5948046,0,106.5321,2.5360058,0,10.169828,0,0
1970.9167,88.679441,1.6987623,0,122.27192,3.0894108,0,14.184152,0,0
1971,86.399691,3.0909982,0,116.8768,3.3153246,0,11.949104,0,0
1971.0833,83.229327,12.165785,0,110.77069,3.2039711,0,9.7015257,1.2521773e-06,0
1971.1667,81.036463,27.411259,0,105.85735,17.88741,0,8.0579989,0.00024889242,0
1971.25,78.316703,71.699633,0,100.00336,59.16244,0,6.7731279,0.0013235046,0
1971.3333,63.498514,153.42216,0,79.220447,86.615197,0,4.8321956,0.0026532778,0
1971.4167,0,39.468831,0,0,93.761285,0,0,0.0073538692,0
1971.5,0,1.372581,0,0,83.153841,0,0,0.0020775359,0
1971.5833,0,1.6839605,0,0,54.665647,0,0,8.4699162e-05,0
1971.6667,0,2.0838753,0,0,33.079895,0,0,0,0
1971.75,0,2.4463396,0,0,27.787099,0,0,0,0
1971.8333,0,2.7223683,0,0,24.611488,0,0,0,0
1971.9167,0,2.8497008,0,0,23.420995,0,0,0.00014252648,0
1972,0,2.8541755,0,0,22.28957,0,0,0.00081662306,0
1972.0833,34.968267,3.4392644,0,39.135412,26.029055,0,7.1167767,0.0020093191,0
1972.1667,74.222177,5.9767604,0,80.833176,40.767286,0,12.067356,0.0034691806,0
1972.25,72.315872,14.389029,0,75.768775,48.371656,0,10.111711,0.0043820189,0
1972.3333,18.340688,15.520965,0,18.7984,53.231972,0,2.3331091,0.004906112,0
1972.4167,0,1.843225,0,0,78.214853,0,0,0.0041839341,0
1972.5,0,1.7375799,0,0,25.291363,0,0,0.00068373594,0
1972.5833,0,1.7679937,0,0,4.4089295,0,0,3.7164753e-05,0
1972.6667,0,1.724691,0,0,2.8401515,0,0,2.2075842e-07,0
1972.75,0,1.649609,0,0,2.7940647,0,0,1.9537202e-07,0
1972.8333,0,1.541509,0,0,1.6976019,0,0,2.5535823e-07,0
1972.9167,0,1.3284478,0,0,1.2990923,0,0,4.2212545e-07,0
1973,0,1.4714694,0,0,1.2358621,0,0,6.1120075e-07,0
1973.0833,0,8.4500308,0,0,1.7395805,0,0,2.3162311e-05,0
1973.1667,0,19.511275,0,0,2.9772236,0,0,6.7558439e-05,0
1973.25,0,28.275595,0,0,3.9220903,0,0,9.49398e-05,0
1973.3333,0,30.845783,0,0,5.6339317,0,0,0.0001458767,0
1973.4167,0,7.2423109,0,0,7.0520238,0,0,0.00083568642,0
1973.5,0,0.22607213,0,0,2.3498571,0,0,3.3144809e-05,0
1973.5833,0,0.62117206,0,0,0.34931767,0,0,6.3989668e-08,0
1973.6667,0,0.93762687,0,0,0.090119715,0,0,4.576984e-09,0
1973.75,0,1.2217358,0,0,0.10379842,0,0,0,0
1973.8333,0,1.4513211,0,0,0.16229019,0,0,1.3744666e-09,0
1973.9167,0,1.6072625,0,0,0.19667682,0,0,3.9586933e-08,0
1974,0,1.7575413,0,0,0.19804639,0,0,9.2838329e-08,0
1974.0833,0,1.9962062,0,0,1.8676397,0,0,1.2518762e-07,0
1974.1667,0,5.6007281,0,0,6.1568437,0,0,1.6068344e-07,0
1974.25,0,18.436523,0,0,7.3232989,0,0,2.1342428e-07,0
1974.3333,0,21.568846,0,0,7.1828006,0,0,2.4862567e-07,0
1974.4167,0,7.3540521,0,0,7.610852,0,0,1.163828e-06,0
1974.5,0,1.4971819,0,0,3.3785335,0,0,8.5527795e-08,0
1974.5833,0,1.6599662,0,0,0.47105781,0,0,7.4459848e-10,0
1974.6667,0,1.8988039,0,0,0.017069564,0,0,0,0
1974.75,0,2.0930102,0,0,0.003416946,0,0,0,0
1974.8333,0,2.2353587,0,88.314525,0.0025751969,0,0,0,0
1974.9167,60.549741,2.2855757,0,122.98013,0.0024597054,0,67.719126,0,0
1975,70.838835,2.3088834,0,119.43182,0.0023178277,0,70.175385,0,0
1975.0833,69.503946,4.2455035,0,115.86267,0.0022105648,0,60.59268,0,0
1975.1667,68.184309,35.527394,0,112.21021,0.0021145618,0,52.30463,0,0
1975.25,66.695578,84.662508,0,108.47821,0.014176736,0,44.934805,0,0
1975.3333,65.006978,135.89391,0,104.70466,0.4569779,0,38.603783,0,0
1975.4167,4.2633067,80.275638,0,6.8337126,4.7481213,0,2.3642923,7.3491882e-07,0
1975.5,0,0.02566043,0,0,1.2736833,0,0,1.3265364e-07,0
1975.5833,0,0.013883255,0,0,0.28955512,0,0,0,0
1975.6667,0,0.3049073,0,0,0.027536384,0,0,0,0
1975.75,0,0.72107206,0,0,0.00049813028,0,0,0,0
1975.8333,29.704529,0.96379888,0,109.93805,0.0011925292,0,26.999264,0,0
1975.9167,67.375518,1.1207599,0,123.0285,0.001672674,0,56.245724,0,0
1976,65.850879,1.2812278,0,118.92288,0.0019899074,0,48.664003,0,0
1976.0833,64.53496,1.4289963,0,115.05811,0.0021454605,0,42.418619,0,0
1976.1667,63.320877,1.5734037,0,111.25477,0.0021628665,0,37.065244,0,0
1976.25,62.132066,3.5660654,0,107.3178,0.76591361,0,32.211717,2.5456559e-08,0
1976.3333,33.572164,7.6672265,0,57.117169,16.287429,0,15.827483,1.7043435e-07,0
1976.4167,0,0.89081912,0,0,25.251964,0,0,0.00012884714,0
1976.5,0,0.13925285,0,0,1.3882672,0,0,9.8074233e-08,0
1976.5833,0,0.031945168,0,0,0.66615049,0,0,0,0
1976.6667,0,0.17516653,0,0,0.21060421,0,0,0,0
1976.75,0,0.36839857,0,0,0.056288255,0,0,0,0
1976.8333,36.872958,0.53786168,0,71.687224,0.039738705,0,27.073528,0,0
1976.9167,63.549954,0.63324524,0,122.58524,0.038186087,0,43.205136,0,0
1977,61.850178,0.69148955,0,117.70868,0.035896002,0,37.016055,0,0
1977.0833,60.00062,3.39787,0,112.36569,0.030865281,0,28.424,3.4591685e-10,0
1977.1667,56.271752,38.660999,0,103.89418,4.9977152,0,18.482217,2.4822326e-08,0
1977.25,52.530059,100.10305,0,94.034602,31.724577,0,16.386136,2.092511e-09,0
1977.3333,26.788368,156.61129,0,47.924539,49.567484,0,8.1940564,1.0398338e-05,0
1977.4167,0,22.373427,0,0,48.6894,0,0,3.1366666e-05,0
1977.5,0,0.42558596,0,0,35.213995,0,0,2.4586638e-06,0
1977.5833,0,0.75006746,0,0,17.714761,0,0,7.0778326e-07,0
1977.6667,0,1.1781973,0,0,2.4205833,0,0,1.2253233e-07,0
1977.75,0,1.5349867,0,0,0.0068969379,0,0,2.2609597e-08,0
1977.8333,44.547293,1.7582987,0,96.610981,0.0044972226,0,22.728125,3.9861423e-08,0
1977.9167,50.010277,1.9355556,0,108.07179,0.0047916593,0,23.074308,7.4870014e-08,0
1978,48.664791,2.1358614,0,104.31388,0.0047910412,0,20.414369,1.1017452e-07,0
1978.0833,47.49163,2.8253022,0,100.60068,0.52160408,0,18.119984,1.3634269e-07,0
1978.1667,46.425931,6.467295,0,97.02219,9.0989343,0,16.097888,5.7717911e-07,0
1978.25,45.340797,28.779414,0,93.28821,21.37124,0,14.235528,6.0707293e-06,0
1978.3333,11.511104,63.45949,0,23.458391,25.70304,0,3.3959191,2.254326e-05,0
1978.4167,0,2.7162967,0,0,20.866281,0,0,1.3520028e-05,0
1978.5,0,1.9140759,0,0,12.073583,0,0,1.0286152e-07,0
1978.5833,0,1.817441,0,0,4.8361073,0,0,8.9332336e-08,0
1978.6667,0,1.7337858,0,0,1.9907334,0,0,8.6220671e-08,0
1978.75,0,1.6804446,0,0,1.4475677,0,0,8.7293926e-08,0
1978.8333,0,1.5916891,0,0,1.3013669,0,0,1.039793e-07,0
1978.9167,0,1.4334139,0,0,1.2574583,0,0,1.1470793e-07,0
1979,0,4.6335647,0,0,3.1410837,0,0,1.1857725e-07,0
1979.0833,0,36.771367,0,0,6.1372506,0,0,1.1803148e-07,0
1979.1667,0,93.607281,0,0,6.657962,0,0,1.6563385e-06,0
1979.25,0,131.85598,0,0,7.3442785,0,0,1.3136252e-05,0
1979.3333,0,138.69885,0,0,7.5207941,0,0,3.0812321e-05,0
1979.4167,0,44.368294,0,0,6.3872353,0,0,4.7146922e-05,0
1979.5,0,0.20804419,0,0,3.4637417,0,0,7.3376714e-06,0
1979.5833,0,0.11942916,0,0,1.3743617,0,0,0,0
1979.6667,0,0.060171789,0,0,0.20243673,0,0,0,0
1979.75,0,0.098244816,0,0,0.067403989,0,0,0,0
1979.8333,0,0.099244442,0,0,0.049160227,0,0,0,0
1979.9167,0,0.10116168,0,0,0.048642179,0,0,0,0
1980,0,0.1631791,0,0,0.12301903,0,0,0,0
1980.0833,0,1.3537303,0,0,0.77743721,0,0,3.0112715e-06,0
1980.1667,0,9.2918382,0,0,1.593484,0,0,1.0177494e-05,0
1980.25,0,37.662905,0,0,6.3902258,0,0,1.5588933e-05,0
1980.3333,0,43.573301,0,0,19.037043,0,0,1.7725765e-05,0
1980.4167,0,10.997005,0,0,19.258802,0,0,1.5996643e-05,0
1980.5,0,0.04309271,0,0,8.7187207,0,0,6.8670713e-06,0
1980.5833,0,0.039307845,0,0,0.17508443,0,0,8.1736917e-08,0
1980.6667,0,0.052242783,0,0,0.0054483329,0,0,0,0
1980.75,0,0.072928102,0,0,4.8889404e-05,0,0,0,0
1980.8333,0,0.074019388,0,0,0,0,0,0,0
1980.9167,0,0.097644422,0,0,0,0,0,0,0
1981,0,0.21838018,0,0,6.2426157e-05,0,0,0,0
1981.0833,0,11.117669,0,0,0.013187274,0,0,0,0
1981.1667,0,47.329769,0,0,0.16946571,0,0,0,0
1981.25,0,74.306023,0,0,0.25282798,0,0,0,0
1981.3333,0,78.282945,0,0,0.24336711,0,0,0,0
1981.4167,0,15.297727,0,0,0.19589885,0,0,1.3234279e-06,0
1981.5,0,0.12672901,0,0,0.073648343,0,0,0,0
1981.5833,0,0.13029374,0,0,0.00061124686,0,0,0,0
1981.6667,0,0.1505541,0,0,4.8968105e-05,0,0,0,0
1981.75,0,0.18360392,0,0,1.7356832e-05,0,0,0,0
1981.8333,0,0.29390473,0,72.586591,1.189096e-05,0,0,0,0
1981.9167,0,0.34481898,0,44.538704,1.1347723e-05,0,0,0,0
1982,0,0.39697263,0,0,1.1037541e-05,0,0,0,0
1982.0833,0,0.85750433,0,0,1.0753376e-05,0,0,0,0
1982.1667,0,3.4908397,0,0,0.045334958,0,0,0,0
1982.25,0,21.611312,0,0,0.19261312,0,0,0,0
1982.3333,0,25.920443,0,0,0.42482981,0,0,0,0
1982.4167,0,6.1990507,0,0,0.46185819,0,0,0,0
1982.5,0,0.53945358,0,0,0.1270389,0,0,0,0
1982.5833,0,0.56725923,0,0,0,0,0,0,0
1982.6667,0,0.58880408,0,0,0,0,0,0,0
1982.75,0,0.60864598,0,0,0,0,0,0,0
1982.8333,0,0.53287526,0,0,0,0,0,0,0
1982.9167,0,0.46475308,0,0,0,0,0,0,0
1983,0,0.73044624,0,0,0,0,0,0,0
1983.0833,0,11.669457,0,0,0.69018623,0,0,0,0
1983.1667,0,34.803626,0,0,6.7691558,0,0,0,0
1983.25,0,53.139127,0,0,31.059433,0,0,0,0
1983.3333,0,45.550054,0,0,52.355174,0,0,0,0
1983.4167,0,1.3700575,0,0,50.111059,0,0,0,0
1983.5,0,0.47523206,0,0,18.697173,0,0,0,0
1983.5833,0,0.51668052,0,0,2.8034738,0,0,0,0
1983.6667,0,0.5611934,0,0,0.11809389,0,0,0,0
1983.75,0,0.56790936,0,0,0.021703866,0,0,0,0
1983.8333,0,0.48877585,0,35.18232,0.0094782783,0,0,0,0
1983.9167,0,0.48362892,0,0,0.012945652,0,0,0,0
1984,0,0.50823978,0,0,0.013621036,0,0,0,0
1984.0833,0,1.2364171,0,91.546461,0.26976839,0,0,0,0
1984.1667,0,8.2563357,0,85.66196,1.1874489,0,0,0,0
1984.25,0,48.103013,0,114.94823,3.240056,0,0,0,0
1984.3333,0,76.097818,0,4.7511848,7.7252965,0,0,0,0
1984.4167,0,6.6028147,0,0,10.30789,0,0,0,0
1984.5,0,0.8657583,0,0,5.3469397,0,0,0,0
1984.5833,0,0.92905911,0,0,1.4547505,0,0,0,0
1984.6667,0,0.97290638,0,0,0.77121186,0,0,0,0
1984.75,0,0.90477577,0,0,0.36689667,0,0,0,0
1984.8333,0,0.84035879,0,0,0.10931735,0,0,0,0
1984.9167,0,0.80998545,0,18.077599,0.05396071,0,0,0,0
1985,0,1.0595572,0,0,0.058351911,0,0,0,0
1985.0833,0,21.408749,0,6.2407495,1.0375347,0,0,0,0
1985.1667,0,56.618857,0,22.47252,2.570453,0,0,0,0
1985.25,0,87.567285,0,110.4315,4.9045023,0,0,0,0
1985.3333,0,108.64242,0,31.473293,19.777746,0,0,0,0
1985.4167,0,61.45609,0,0,37.007771,0,0,9.2993587e-06,0
1985.5,0,1.0597311,0,0,16.487792,0,0,2.320446e-07,0
1985.5833,0,1.0787637,0,0,1.8353925,0,0,0,0
1985.6667,0,1.1969922,0,0,1.3571486,0,0,0,0
1985.75,0,1.216776,0,0,0.75476607,0,0,0,0
1985.8333,0,0.91395242,0,0,0.48592877,0,0,0,0
1985.9167,0,0.86879176,0,0,0.4601478,0,0,0,0
1986,0,0.8474351,0,0,0.43933386,0,0,0,0
1986.0833,0,1.1674656,0,0,0.8753198,0,0,4.5058732e-09,0
1986.1667,0,3.4974815,0,0,2.3651739,0,0,2.6786347e-07,0
1986.25,0,12.088631,0,0,2.9210607,0,0,6.6423707e-07,0
1986.3333,0,10.761011,0,0,2.8101416,0,0,3.3423761e-06,0
1986.4167,0,3.1091059,0,0,11.331808,0,0,0.067797969,0
1986.5,0,0.98184713,0,0,5.7137857,0,0,0.0037293111,0
1986.5833,0,1.1102905,0,0,1.8548032,0,0,2.8482925e-05,0
1986.6667,0,1.2299896,0,0,0.23524309,0,0,1.6083321e-05,0
1986.75,0,1.3147238,0,0,6.6398957e-05,0,0,5.1168239e-06,0
1986.8333,0,0.9443367,0,12.965065,0.090785798,0,0,2.6089301e-06,0
1986.9167,0,0.98073134,0,31.239808,4.1664692,0,0,3.5082926e-06,0
1987,0,1.0059297,0,0,9.8788597,0,0,5.871506e-06,0
1987.0833,0,1.2856833,0,0,13.735287,0,0,8.3977066e-06,0
1987.1667,0,2.037895,0,0,17.71492,0,0,1.0496467e-05,0
1987.25,0,3.7988604,0,0,21.777231,0,0,1.2323703e-05,0
1987.3333,0,4.1390907,0,0,23.217909,0,0,0.0098204692,0
1987.4167,0,0.71502352,0,0,20.16545,0,0,0.045881142,0
1987.5,0,0.54080242,0,0,7.4310916,0,0,6.4407562e-05,0
1987.5833,0,0.64696649,0,0,1.1780099,0,0,1.8294565e-06,0
1987.6667,0,0.72110045,0,0,0.013359576,0,0,0,0
1987.75,0,0.7527258,0,0,0,0,0,0,0
1987.8333,0,0.74935157,0,0,0,0,0,0,0
1987.9167,0,0.64361338,0,0,0.22711956,0,0,0,0
1988,0,0.52485779,0,0,1.8350055,0,0,0,0
1988.0833,0,0.52177022,0,0,3.6155244,0,0,0,0
1988.1667,0,0.95060242,0,0,5.7587022,0,0,0,0
1988.25,0,1.5372739,0,0,7.0871579,0,0,0,0
1988.3333,0,1.0489639,0,0,8.5306013,0,0,2.1169125e-07,0
1988.4167,0,0.11444891,0,0,11.115656,0,0,0,0
1988.5,0,0.02142681,0,0,8.0484809,0,0,0,0
1988.5833,0,0.059700461,0,0,6.2936404,0,0,0,0
1988.6667,0,0.1794459,0,0,6.1225171,0,0,0,0
1988.75,0,0.26247189,0,0,6.1058645,0,0,0,0
1988.8333,3.3033326,0.31007086,0,166.63167,6.4342433,0,25.499711,0,0
1988.9167,28.477416,0.33768293,0,190.37325,6.4776678,0,209.84074,0,0
1989,11.313796,0.38704068,0,97.135482,6.4300786,0,76.512479,0,0
1989.0833,31.458269,0.43776414,0,194.74741,10.065381,0,199.49493,0,0
1989.1667,30.852663,3.8347078,0,186.21449,32.136847,0,171.88754,0,0
1989.25,30.18406,29.197538,0,177.05418,43.468135,0,146.19062,0,0
1989.3333,8.619684,56.256833,0,49.681063,44.424737,0,38.296325,0,0
1989.4167,0,35.226851,0,0,54.603689,0,0,0,0
1989.5,0,0.0055161348,0,0,39.352451,0,0,0,0
1989.5833,0,0,0,0,25.991213,0,0,0,0
1989.6667,0,0.0002548702,0,0,17.201643,0,0,0,0
1989.75,0,0.024408519,0,0,6.2238492,0,0,0,0
1989.8333,0,0.25329892,0,0,4.1321299,0,0,0,0
1989.9167,0,0.56166163,0,0,4.0027098,0,0,0,0
1990,0,0.73226178,0,0,3.9307742,0,0,0,0
1990.0833,0,1.1326033,0,0,4.165527,0,0,0,0
1990.1667,0,2.0115252,0,0,5.3258157,0,0,0,0
1990.25,0,3.8699968,0,0,6.7565077,0,0,0,0
1990.3333,0,5.2592675,0,0,8.3157187,0,0,0,0
1990.4167,0,0.93202878,0,0,24.607245,0,0,0,0
1990.5,0,0.0030817873,0,0,11.730393,0,0,0,0
1990.5833,0,0,0,0,7.2949602,0,0,0,0
1990.6667,0,0.00015396194,0,0,5.1922296,0,0,0,0
1990.75,0,0.010111314,0,0,5.7000256,0,0,0,0
1990.8333,0,0.042066424,0,0,7.8033777,0,0,0,0
1990.9167,0,0.095293168,0,0,9.1434512,0,0,0,0
1991,0,0.21485097,0,0,9.1517228,0,0,0,0
1991.0833,0,0.41292445,0,0,9.0743156,0,0,0,0
1991.1667,0,0.93245418,0,0,9.6404106,0,0,0,0
1991.25,0,3.8883344,0,0,9.5487912,0,0,0,0
1991.3333,0,1.1268651,0,0,9.6553624,0,0,0,0
1991.4167,0,0.10503302,0,0,10.368614,0,0,0,0
1991.5,0,9.2734622e-05,0,0,4.2924874,0,0,0,0
1991.5833,0,0,0,0,1.3792404,0,0,0,0
1991.6667,0,0.0017481606,0,0,0.46117322,0,0,0,0
1991.75,0,0.030448912,0,0,0.060641778,0,0,0,0
1991.8333,0,0.17344111,0,22.286104,0.036918256,0,0,0,0
1991.9167,0,0.36365387,0,148.75805,0.034974526,0,0,0,0
1992,0,0.53512139,0,0,0.03533689,0,0,0,0
1992.0833,0,0.68205617,0,59.623163,1.322325,0,0,0,0
1992.1667,0,0.69843954,0,111.49271,8.3593121,0,0,0,0
1992.25,0,0.76946066,0,0,19.074362,0,0,0,0
1992.3333,0,0.65617344,0,0,22.305948,0,0,0,0
1992.4167,0,0.012856963,0,0,22.400152,0,0,0,0
1992.5,0,0,0,0,17.612447,0,0,0,0
1992.5833,0,0,0,0,14.847067,0,0,0,0
1992.6667,0,0,0,0,8.9048191,0,0,0,0
1992.75,0,0,0,0,6.7963084,0,0,0,0
1992.8333,0,0.0085131431,0,7.7317134,6.3387275,0,0,0,0
1992.9167,0,0.15653991,0,0,6.1998874,0,0,0,0
1993,0,0.34210965,0,42.380607,5.988075,0,0,0,0
1993.0833,0,0.93220592,0,130.98223,5.9800056,0,0,0,0
1993.1667,0,8.2159852,0,0,6.9823937,0,0,0,0
1993.25,0,19.088523,0,0,7.9009999,0,0,0,0
1993.3333,0,4.9802626,0,0,12.007105,0,0,0.24400706,0
1993.4167,0,0.048577363,0,0,22.854737,0,0,1.0055709,0
1993.5,0,0,0,0,11.686913,0,0,0.20476548,0
1993.5833,0,0,0,0,4.8230973,0,0,0,0
1993.6667,0,0,0,0,2.5772939,0,0,0,0
1993.75,0,0,0,0,2.7418802,0,0,0,0
1993.8333,0,0,0,0,3.1337738,0,0,0,0
1993.9167,0,0,0,0,3.5352137,0,0,0,0
1994,0,0.48721131,0,0,4.1579232,0,0,0,0
1994.0833,0,7.7732691,0,0,6.2648986,0,0,0,0
1994.1667,0,29.18166,0,0,12.811222,0,0,0,0
1994.25,0,53.961766,0,0,16.994659,0,0,0.00069310925,0
1994.3333,0,45.233591,0,0,20.721048,0,0,0.28525931,0
1994.4167,0,3.8661425,0,0,26.424521,0,0,0.82357443,0
1994.5,0,0,0,0,15.322033,0,0,0.41039166,0
1994.5833,0,0,0,0,8.678941,0,0,0.065304541,0
1994.6667,0,0,0,0,4.2459421,0,0,0.017315995,0
1994.75,0,0,0,0,3.1705152,0,0,0.003890677,0
1994.8333,0,0.017820014,0,0,3.2070111,0,0,0.0035583289,0
1994.9167,0,0.21560364,0,0,4.0437277,0,0,0.0063155755,0
1995,0,0.69628592,0,0,4.7811091,0,0,0.012061846,0
1995.0833,0,11.575897,0,0,5.8205666,0,0,0.029893924,0
1995.1667,0,32.09123,0,0,7.4314908,0,0,0.048174933,0
1995.25,0,43.695916,0,0,8.2910159,0,0,0.064269718,0
1995.3333,0,23.642048,0,0,14.318845,0,0,0.17432203,0
1995.4167,0,0.37411855,0,0,16.928234,0,0,0.17665435,0
1995.5,0,0.15951731,0,0,5.6821323,0,0,0.044714039,0
1995.5833,0,0.30586548,0,0,3.4104467,0,0,0.0082813963,0
1995.6667,0,0.4339689,0,0,2.1047996,0,0,0,0
1995.75,0,0.57924493,0,0,0.87509031,0,0,0,0
1995.8333,0,0.73455408,0,101.8089,0.66984021,0,0,0,0
1995.9167,0,0.78217504,0,197.64221,0.64501829,0,0,0,0
1996,0,0.77547517,0,188.15745,0.61010669,0,0,0,0
1996.0833,0,3.9177375,0,96.881617,0.61200953,0,0,0,0
1996.1667,0,14.62576,0,0,2.1907486,0,0,0,0
1996.25,0,22.737907,0,0,4.7514334,0,0,0,0
1996.3333,0,19.760443,0,0,12.370553,0,0,0.15186575,0
1996.4167,0,0.17966311,0,0,30.511307,0,0,0.50146748,0
1996.5,0,4.1553629e-05,0,0,18.010533,0,0,0.0014200663,0
1996.5833,0,0,0,0,12.304373,0,0,0.00029569291,0
1996.6667,0,0,0,0,11.100514,0,0,1.0694477e-07,0
1996.75,0,0,0,0,12.531068,0,0,4.8926668e-08,0
1996.8333,0,0.029200881,0,32.033551,15.556438,0,0,4.6322891e-08,0
1996.9167,0,0.13796163,0,139.82132,16.78372,0,0,5.4444972e-08,0
1997,0,0.26479149,0,81.958399,16.768513,0,0,8.0383721e-08,0
1997.0833,0,0.4584315,0,43.073162,16.302251,0,0,0.0042795836,0
1997.1667,0,0.51999785,0,133.83469,15.394015,0,0,0.061285759,0
1997.25,0,0.4477326,0,111.56105,14.477632,0,0,0.11020188,0
1997.3333,0,0.21872876,0,0,20.828129,0,0,0.2077214,0
1997.4167,0,0.00010467284,0,0,28.42744,0,0,0.1615561,0
1997.5,0,0,0,0,17.345706,0,0,0,0
1997.5833,0,0,0,0,14.399992,0,0,0,0
1997.6667,0,0,0,0,13.971951,0,0,0,0
1997.75,0,0,0,0,10.378148,0,0,0,0
1997.8333,0,0,0,0,10.459128,0,0,0,0
1997.9167,0,0,0,0,11.183362,0,0,0,0
1998,0,0,0,0,11.380905,0,0,0,0
1998.0833,0,0.70159308,0,0,13.972986,0,0,0,0
1998.1667,0,3.0008436,0,0,22.403007,0,0,0,0
1998.25,0,6.170796,0,0,48.989492,0,0,5.2557928e-05,0
1998.3333,0,9.260316,0,0,65.372965,0,0,0.01259037,0
1998.4167,0,6.1393425,0,0,72.796257,0,0,0.03976044,0
1998.5,0,0.032114559,0,0,56.266248,0,0,0.0020673815,0
1998.5833,0,0,0,0,32.645071,0,0,0,0
1998.6667,0,0,0,0,12.329863,0,0,0,0
1998.75,0,0,0,0,7.1916192,0,0,0,0
1998.8333,0,0,0,0,4.5944978,0,0,0,0
1998.9167,0,0,0,0,3.6589793,0,0,0,0
1999,0,0.044166238,0,0,3.6582559,0,0,0,0
1999.0833,0,0.45716883,0,0,3.6691055,0,0,0,0
1999.1667,0,1.6535244,0,0,3.8484925,0,0,0,0
1999.25,0,5.4778688,0,0,4.1805685,0,0,0.12603047,0
1999.3333,0,7.470425,0,0,4.4637819,0,0,0.65197277,0
1999.4167,0,1.5865257,0,0,20.434927,0,0,1.3766337,0
1999.5,0,0,0,0,7.8104431,0,0,0.26720327,0
1999.5833,0,0,0,0,4.4666765,0,0,0.11517731,0
1999.6667,0,0,0,0,3.0505125,0,0,0.041979459,0
1999.75,0,0,0,0,2.6972723,0,0,0.017666748,0
1999.8333,1.0046957,0,0,144.28965,3.5429461,0,8.9587848,0.040893047,0
1999.9167,29.694197,0,0,160.97998,4.2096443,0,250.71405,0.063887588,0
2000,22.93718,0,0,154.96857,4.3859445,0,176.0362,0.07216908,0
2000.0833,26.742495,0.4611387,0,148.72469,4.4526743,0,186.09968,0.080653402,0
2000.1667,0,7.6404616,0,141.61463,4.2599105,0,0,0.076985315,0
2000.25,24.091409,22.691096,0,134.39267,4.1380014,0,148.60031,0.067835908,0
2000.3333,8.918346,48.256894,0,46.058858,4.2338712,0,51.04409,0.051949835,0
2000.4167,0,17.750956,0,0,8.5346697,0,0,0.26426385,0
2000.5,0,0,0,0,1.9763075,0,0,0.075827108,0
2000.5833,0,0,0,0,0.54683257,0,0,0.047739872,0
2000.6667,0,0.0071001399,0,0,0.14711483,0,0,0.034717304,0
2000.75,0,0.062993004,0,0,0.070078071,0,0,0.020811953,0
2000.8333,0,0.14805873,0,0,0.15745911,0,0,0.01128662,0
2000.9167,0,0.34839174,0,0,0.28080598,0,0,0.011552707,0
2001,0,2.9774072,0,0,0.37342807,0,0,0.011768617,0
2001.0833,0,7.6541137,0,0,2.3982386,0,0,0.07499584,0
2001.1667,0,19.246459,0,0,6.9031344,0,0,0.51182233,0
2001.25,0,41.41819,0,0,12.019287,0,0,0.8434102,0
2001.3333,0,51.785227,0,0,16.2293,0,0,0.90829875,0
2001.4167,0,32.751654,0,0,32.329241,0,0,1.0011921,0
2001.5,0,2.3031327,0,0,32.446244,0,0,0.25486945,0
2001.5833,0,0,0,0,16.847125,0,0,0.07228756,0
2001.6667,0,0,0,0,10.244311,0,0,0.03578408,0
2001.75,0,0,0,0,8.4898464,0,0,0.013474096,0
2001.8333,22.476744,0,0,123.33951,10.708403,0,161.75523,0.0070379628,0
2001.9167,25.355237,0,0,137.60503,12.15245,0,163.37271,0.0062286281,0
2002,24.780645,0.0050272025,0,132.54441,12.571031,0,141.35391,0.0055752086,0
2002.0833,24.298248,0.095144121,0,127.58002,12.379159,0,122.29521,0.0050308213,0
2002.1667,23.814209,3.1871385,0,122.51548,11.6364,0,105.24588,0.0045010097,0
2002.25,23.312335,9.1226777,0,117.26622,10.70576,0,89.817443,0.0038759431,0
2002.3333,16.942613,24.010126,0,83.326513,11.495508,0,57.709925,0.018598195,0
2002.4167,0,3.9867999,0,0,12.872773,0,0,0.03672781,0
2002.5,0,0,0,0,5.5463658,0,0,0.0030855524,0
2002.5833,0,0,0,0,3.3044641,0,0,2.9554544e-06,0
2002.6667,0,0,0,0,1.8659672,0,0,0,0
2002.75,0,0,0,0,0.42386208,0,0,0,0
2002.8333,0,0,0,0,0.039336405,0,0,0,0
2002.9167,0,0,0,0,0.047007297,0,0,0,0
2003,0,0.75420128,0,0,0.1572184,0,0,0,0
2003.0833,0,2.2777501,0,0,0.43799175,0,0,0,0
2003.1667,5.5122147,3.948264,0,32.587045,1.5114394,0,24.347015,0,0
2003.25,18.513789,5.7496722,0,108.2179,4.1097664,0,76.549326,0.00020882965,0
2003.3333,0,2.2503904,0,0,5.9594474,0,0,0.0015940595,0
2003.4167,0,1.7752085e-05,0,0,7.9290401,0,0,0.0060063378,0
2003.5,0,0,0,0,5.2351355,0,0,0.0023641746,0
2003.5833,0,0,0,0,4.0736502,0,0,0.00040823829,0
2003.6667,0,0,0,0,3.7278158,0,0,0,0
2003.75,0,0,0,0,2.817121,0,0,0,0
2003.8333,0,0,0,0,1.8365721,0,0,0,0
2003.9167,0,0,0,0,1.9017933,0,0,0,0
2004,0,0.059558649,0,0,2.0227348,0,0,0,0
2004.0833,0,3.4525429,0,0,5.7573818,0,0,0,0
2004.1667,0,9.1895655,0,0,36.308389,0,0,0,0
2004.25,0,13.80053,0,0,60.521508,0,0,0,0
2004.3333,0,14.084612,0,0,63.875895,0,0,0.0012987477,0
2004.4167,0,1.9258997,0,0,65.449992,0,0,0.012771061,0
2004.5,0,0,0,0,45.768651,0,0,0.0031297423,0
2004.5833,0,0,0,0,22.006153,0,0,0.00049512876,0
2004.6667,0,0,0,0,6.5796118,0,0,0,0
2004.75,0,0,0,0,4.2814127,0,0,0,0
2004.8333,0,0,0,0,4.1690986,0,0,0,0
2004.9167,0,0,0,0,5.3505048,0,0,4.9463791e-06,0
2005,0,1.6742219,0,0,6.233292,0,0,0.00012575455,0
2005.0833,0,22.639805,0,0,6.8407575,0,0,0.00047085527,0
2005.1667,0,48.258452,0,0,7.1921483,0,0,0.00078372923,0
2005.25,0,67.071152,0,0,9.2193047,0,0,0.0010937817,0
2005.3333,0,55.793148,0,0,13.716951,0,0,0.019747193,0
2005.4167,0,6.2027317,0,0,14.225592,0,0,0.078280054,0
2005.5,0,0,0,0,8.8096862,0,0,0.047773256,0
2005.5833,0,0,0,0,5.2024255,0,0,0.029484967,0
2005.6667,0,0,0,0,3.6345373,0,0,0.024755344,0
2005.75,0,0,0,0,2.6138451,0,0,0.025627694,0
2005.8333,0,0.011696003,0,60.623028,1.9016639,0,0,0.031935991,0
2005.9167,0,0.087030926,0,52.053038,3.3059307,0,0,0.041609443,0
2006,0,1.7736544,0,0,4.8103345,0,0,0.051116587,0
2006.0833,0,8.85777,0,70.705915,5.5324683,0,0,0.057581326,0
2006.1667,0,20.180699,0,0,5.9438102,0,0,0.067763737,0
2006.25,0,39.700327,0,0,35.190968,0,0,0.099897129,0
2006.3333,0,43.336623,0,0,81.536553,0,0,0.1431044,0
2006.4167,0,4.5703326,0,0,99.28185,0,0,0.17824406,0
2006.5,0,0.0035415101,0,0,50.637678,0,0,0.07244882,0
2006.5833,0,0,0,0,16.433303,0,0,0.060049665,0
2006.6667,0,0.0066476586,0,0,1.6853627,0,0,0.038663498,0
2006.75,0,0.051644984,0,0,0.016602352,0,0,0.026773982,0
2006.8333,0,0.17840695,0,0,0.030278173,0,0,0.017977086,0
2006.9167,0,0.61558223,0,0,0.092155669,0,0,0.017334768,0
2007,0,1.1255541,0,0,1.8997974,0,0,0.020607314,0
2007.0833,0,6.8150372,0,0,4.9173898,0,0,0.02357223,0
2007.1667,0,26.367361,0,0,9.9120327,0,0,0.048409835,0
2007.25,0,34.404374,0,0,12.3991,0,0,0.13631048,0
2007.3333,0,25.029027,0,0,18.914223,0,0,0.21072755,0
2007.4167,0,1.5010975,0,0,28.375018,0,0,0.2588615,0
2007.5,0,0.0062897127,0,0,10.207084,0,0,0.067128372,0
2007.5833,0,0,0,0,4.3185976,0,0,0.030315319,0
2007.6667,0,0,0,0,3.4278022,0,0,0.020066213,0
2007.75,0,0,0,0,2.6684658,0,0,0.013389185,0
2007.8333,0,0,0,0,1.4392384,0,0,0.0065891123,0
2007.9167,0,1.5380328e-05,0,0,1.5507829,0,0,0.0063967219,0
2008,0,0.2022617,0,0,1.7717636,0,0,0.0065151922,0
2008.0833,0,2.2148633,0,0,10.038054,0,0,0.013897017,0
2008.1667,0,4.4785092,0,0,33.345489,0,0,0.035258927,0
2008.25,0,6.2960772,0,0,40.822524,0,0,0.092059981,0
2008.3333,0,5.9719388,0,0,40.445249,0,0,0.22930193,0
2008.4167,0,1.0277189,0,0,38.012952,0,0,0.26782233,0
2008.5,0,0,0,0,29.436768,0,0,0.045927563,0
2008.5833,0,0,0,0,21.994947,0,0,0.0053022762,0
2008.6667,0,0,0,0,7.2137109,0,0,1.195796e-05,0
2008.75,0,0,0,0,4.2009779,0,0,0,0
2008.8333,0,0,0,76.281267,4.1352565,0,0,0,0
2008.9167,0,0,0,105.90449,4.212745,0,0,0,0
2009,0,1.225648e-05,0,123.57137,4.2021495,0,0,0,0
2009.0833,0,0.0017148472,0,69.100916,4.1095279,0,0,1.5579158e-05,0
2009.1667,0,0.057074086,0,0,4.0333632,0,0,0.0012225394,0
2009.25,0,0.38901098,0,0,4.3492253,0,0,0.012558263,0
2009.3333,0,0.28249254,0,0,9.9526571,0,0,0.050323118,0
2009.4167,0,7.0590769e-05,0,0,19.362618,0,0,0.040703494,0
2009.5,0,0,0,0,11.882636,0,0,0.0035753891,0
2009.5833,0,0,0,0,9.8539496,0,0,0.00073331273,0
2009.6667,0,0,0,0,9.6550421,0,0,0.00018056247,0
2009.75,0,0,0,0,9.9705045,0,0,2.1966522e-08,0
2009.8333,0,0,0,0,10.850704,0,0,1.6964302e-05,0
2009.9167,0,0,0,0,11.594583,0,0,0.00013622751,0
2010,0,0,0,0,11.273486,0,0,0.00018046129,0
2010.0833,0,0,0,0,17.119921,0,0,0.00033741398,0
2010.1667,0,0,0,0,61.352475,0,0,0.00095656221,0
2010.25,0,0,0,0,85.339059,0,0,0.0014936439,0
2010.3333,0,0,0,0,85.545307,0,0,0.07737351,0
2010.4167,0,0,0,0,85.111397,0,0,0.64879882,0
2010.5,0,0,0,0,69.536648,0,0,0.4723264,0
2010.5833,0,0,0,0,43.368855,0,0,0.36931252,0
2010.6667,0,0,0,0,22.450072,0,0,0.31404213,0
2010.75,0,0,0,0,16.686945,0,0,0.23931696,0
2010.8333,0,0,0,0,15.27867,0,0,0.22860728,0
2010.9167,0,0,0,0,15.796358,0,0,0.27008038,0
2011,0,0,0,0,15.634483,0,0,0.3036617,0
2011.0833,0,0,0,0,16.653378,0,0,0.32768597,0
2011.1667,0,0.36759601,0,0,20.275949,0,0,0.3454795,0
2011.25,0,6.1453983,0,0,21.793704,0,0,0.35666244,0
2011.3333,0,11.545325,0,0,31.842771,0,0,0.37016397,0
2011.4167,0,0.49881445,0,0,51.095432,0,0,0.24119007,0
2011.5,0,0,0,0,23.96524,0,0,0.1857317,0
2011.5833,0,0,0,0,15.117361,0,0,0.15304355,0
2011.6667,0,0,0,0,10.760295,0,0,0.10696053,0
2011.75,0,0,0,0,10.79991,0,0,0.069955959,0
2011.8333,0,0,0,25.47411,12.09602,0,0,0.044992524,0
2011.9167,0,0,0,39.132887,12.869919,0,0,0.048144517,0
2012,0,0,0,0,12.758882,0,0,0.053065579,0
2012.0833,0,0.0056229137,0,71.009084,12.046117,0,0,0.057402888,0
2012.1667,0,1.0016756,0,0,12.02081,0,0,0.061018334,0
2012.25,0,14.853889,0,0,13.502876,0,0,0.064651047,0
2012.3333,0,25.203812,0,0,13.816382,0,0,0.068818405,0
2012.4167,0,4.7894328,0,0,13.999626,0,0,0.1951505,0
2012.5,0,0,0,0,7.0455951,0,0,0.11816328,0
2012.5833,0,0.023161468,0,0,3.7427585,0,0,0.049118548,0
2012.6667,0,0.11902762,0,0,2.5763971,0,0,0.034278472,0
2012.75,0,0.21708314,0,0,2.4597886,0,0,0.025143164,0
2012.8333,0,0.25407066,0,74.387006,3.4961123,0,0,0.019543997,0
2012.9167,21.910999,0.11368107,0,154.76414,4.21285,0,167.65133,0.018897009,0
2013,0,0.20572696,0,14.618426,4.6485782,0,0,0.018179176,0
2013.0833,0,0.31929149,0,5.0730982,5.3143615,0,0,0.018007099,0
2013.1667,0,0.86061613,0,36.386904,5.8026654,0,0,0.017593369,0
2013.25,0,2.6431871,0,71.308549,5.9402823,0,0,0.034897008,0
2013.3333,0,4.5371022,0,0,5.8950345,0,0,0.17956434,0
2013.4167,0,0.72169013,0,0,34.047858,0,0,0.84892109,0
2013.5,0,0.036032497,0,0,25.22997,0,0,0.013959372,0
2013.5833,0,0.0070427334,0,0,19.967265,0,0,0.0086544544,0
2013.6667,0,0.097115289,0,0,16.526394,0,0,0.0046526024,0
2013.75,0,0.31606292,0,0,16.056647,0,0,0.0033289668,0
2013.8333,0,0.46996889,0,0,17.483557,0,0,0.0026291193,0
2013.9167,0,0.62166431,0,0,20.118175,0,0,0.0019868691,0
2014,0,0.72638589,0,0,21.878553,0,0,0.0019756387,0
2014.0833,0,0.819809,0,0,23.389575,0,0,0.0083660252,0
2014.1667,0,1.5860017,0,0,23.83612,0,0,4.5256297,0
2014.25,0,2.9820292,0,0,24.096334,0,0,13.681189,0
2014.3333,0,2.5426399,0,0,29.885947,0,0,17.725354,0
2014.4167,0,1.0370674,0,0,44.503787,0,0,17.546513,0
2014.5,0,0.97282246,0,0,22.493331,0,0,2.3558443,0
2014.5833,0,1.1322939,0,0,13.971784,0,0,0.17992975,0
2014.6667,0,1.2649029,0,0,9.8980078,0,0,0.031609518,0
2014.75,0,1.3021199,0,0,8.2622562,0,0,0.00063277735,0
2014.8333,0,1.0261711,0,25.367807,9.6652621,0,0,0.042499558,0
2014.9167,0,0.9911706,0,71.403116,14.114711,0,0,0.16830241,0
2015,0,0.87306858,0,22.363727,17.371495,0,0,0.2322252,0
2015.0833,5.9761726,0.82942313,0,111.28243,19.692128,0,42.297121,0.16412066,0
2015.1667,0,1.2121586,0,0,21.919985,0,0,4.1139762,0
2015.25,0,1.9587352,0,0,22.807257,0,0,12.456835,0
2015.3333,0,1.6507212,0,0,22.642536,0,0,19.85416,0
2015.4167,0,0.77717604,0,0,14.819215,0,0,17.362652,0
2015.5,0,0.78548253,0,0,6.6822998,0,0,1.9725076,0
2015.5833,0,0.79544338,0,0,2.9508395,0,0,0.088089731,0
2015.6667,0,0.79525678,0,0,1.8844564,0,0,0.0071922849,0
2015.75,0,0.78408889,0,0,1.1741186,0,0,0.0046670085,0
2015.8333,0,0.73298259,0,0,0.72969261,0,0,0.045904149,0
2015.9167,0,0.68087473,0,0,1.438509,0,0,0.31178254,0
2016,0,0.66834378,0,0,2.8053699,0,0,0.7697239,0
2016.0833,0,0.64744238,0,0,4.6408528,0,0,4.8575675,0
2016.1667,0,0.84408248,0,0,7.4160391,0,0,14.98702,0
2016.25,0,1.9073882,0,0,16.136938,0,0,22.469502,0
2016.3333,0,1.7378329,0,0,27.234089,0,0,31.484248,0
2016.4167,0,0.67366007,0,0,31.765076,0,0,30.640385,0
2016.5,0,0.69591594,0,0,13.255394,0,0,8.1112661,0
2016.5833,0,0.72121479,0,0,5.0909408,0,0,2.5151069,0
2016.6667,0,0.73220839,0,0,2.0605059,0,0,1.717434,0
2016.75,0,0.73066184,0,0,1.9207507,0,0,1.4758379,0
2016.8333,0,0.67543398,0,0,5.5284327,0,0,1.615945,0
2016.9167,0,0.65681602,0,47.578207,11.375078,0,0,1.8182064,0
2017,0,0.63285584,0,9.0045236,16.243623,0,0,1.9802742,0
2017.0833,0,1.3778201,0,33.577405,20.042983,0,0,4.3836591,0
2017.1667,0,3.7532231,0,0,23.707279,0,0,13.561633,0
2017.25,0,10.126292,0,0,25.279184,0,0,21.188548,0
2017.3333,0,10.098918,0,0,27.533186,0,0,25.286845,0
2017.4167,0,0.75614975,0,0,25.241258,0,0,23.7934,0
2017.5,0,0.65648138,0,0,13.426049,0,0,10.439249,0
2017.5833,0,0.10545809,0,0,9.0374454,0,0,2.6117689,0
2017.6667,0,0.084418833,0,0,6.7880246,0,0,0.74739861,0
2017.75,0,0.057488455,0,0,6.2847495,0,0,0.20997538,0
2017.8333,0,0.0001224776,0,0,7.6762824,0,0,0.1637109,0
2017.9167,0,0.0065434355,0,0,12.227586,0,0,0.22392445,0
2018,0,4.2060441,0,0,15.945127,0,0,0.36185259,0
2018.0833,0,27.721567,0,0,18.492792,0,0,2.7722512,0
2018.1667,0,56.471383,0,0,25.532307,0,0,8.6630578,0
2018.25,0,78.756272,0,0,35.19498,0,0,12.806529,0
2018.3333,0,82.244615,0,0,36.748707,0,0,14.861872,0
2018.4167,0,33.412043,0,0,38.626982,0,0,16.183581,0
2018.5,0,0.093189713,0,0,25.749115,0,0,8.5072815,0
2018.5833,0,0.0023627458,0,0,15.565924,0,0,0.55629708,0
2018.6667,0,0,0,0,7.279519,0,0,0.11133177,0
2018.75,0,0,0,0,5.5584397,0,0,0.059002197,0
2018.8333,0,0,0,0,5.2095693,0,0,0.077918083,0
2018.9167,0,0.00024856199,0,0,5.4650041,0,0,0.11294768,0
2019,0,0.74180829,0,0,5.7765675,0,0,0.16057829,0
2019.0833,0,4.0401372,0,0,6.9224882,0,0,2.0954899,0
2019.1667,0,21.670253,0,0,8.4461068,0,0,5.7491054,0
2019.25,0,38.416581,0,0,9.8431458,0,0,8.406777,0
2019.3333,0,36.882061,0,0,11.74884,0,0,10.291326,0
2019.4167,0,3.2356277,0,0,9.9537303,0,0,10.107374,0
2019.5,0,0,0,0,1.7131121,0,0,1.2555156,0
2019.5833,0,0,0,0,0.48854712,0,0,0.029854207,0
2019.6667,0,0,0,0,0.22879912,0,0,0.0083232432,0
2019.75,0,0,0,0,0.081508789,0,0,0.0021509329,0
2019.8333,0,0,0,4.925527,0.0051131781,0,0,0.0030862168,0
2019.9167,0,0,0,144.45813,0.025864421,0,0,0.0064703848,0
