final_rank,parameter,param_type,combined_rank,rank_PFT7,rank_PFT9,rank_PFT10,mu_star_PFT7,mu_star_PFT9,mu_star_PFT10
1,phen_gddthresh_c,Phenology,1.0,1.0,1.0,1.0,0.12407805038519232,0.03121920229375364,0.019923813456464663
2,turnover_leaf_7,Turnover,9.666666666666666,2.0,16.0,11.0,0.05994784652868234,0.009039698414163796,0.005375336201298484
3,allom_d2bl1_7,Allometry,13.0,7.0,15.0,17.0,0.040260931816883054,0.009148008995015102,0.004611847505670926
4,mort_scalar_hydrfailure_9,Mortality,13.0,12.0,2.0,25.0,0.03209580391489376,0.016697246308031925,0.0040591391026438784
5,alloc_storage_cushion_7,Allocation,14.0,9.0,12.0,21.0,0.03845561873078182,0.009450344765567848,0.004242448996819267
6,phen_coldtemp,Phenology,14.0,26.0,8.0,8.0,0.02263844162650126,0.01059755531627001,0.005798239882812943
7,phen_chilltemp,Phenology,18.0,43.0,9.0,2.0,0.01676199173211946,0.010384835325495752,0.007727659625031708
8,l2fr_ini_9,Allocation,18.666666666666668,37.0,6.0,13.0,0.017702495223935397,0.0119471765477225,0.005033544378816501
9,alloc_storage_cushion_9,Allocation,22.333333333333332,58.0,4.0,5.0,0.014193655108021886,0.014803895630831766,0.00711594567225927
10,leaf_slatop_10,Allometry,24.0,30.0,20.0,22.0,0.021463539147825495,0.0078633668299855,0.00421351399057675
11,fnrt_prof_b_9,Turnover,26.666666666666668,54.0,19.0,7.0,0.014365336702214657,0.008276277750157084,0.00633715145660981
12,vmax_p_9,P,31.0,17.0,67.0,9.0,0.028431004241637702,0.004900437012302796,0.005554472341338509
13,stoich_nitr_leaf_7,N,32.333333333333336,6.0,41.0,50.0,0.0404366479503064,0.005942075004010836,0.003274851401419317
14,microb_bio_10,Microbial,32.666666666666664,20.0,14.0,64.0,0.027110485212811414,0.00915569334695728,0.0028167936952887226
15,leaf_vcmax25top_7,Allometry,32.666666666666664,36.0,48.0,14.0,0.018467355978939295,0.005702984258256833,0.004921985516833564
16,recruit_height_min_10,Allometry,33.333333333333336,27.0,34.0,39.0,0.022510535624208527,0.006301637812685395,0.003702222166651428
17,km_ptase_7,P,33.666666666666664,13.0,57.0,31.0,0.0296892854574022,0.005081719461653684,0.0038673063037918966
18,alpha_ptase_7,P,34.333333333333336,24.0,32.0,47.0,0.024326785566694608,0.006761162012930209,0.0033582363964745087
19,pid_ki_7,Allocation,36.333333333333336,42.0,27.0,40.0,0.017061137486928373,0.007002028630613355,0.0036986810424625705
20,turnover_fnrt_7,Turnover,37.0,60.0,25.0,26.0,0.013901139530191687,0.007159840475328274,0.004050117077758801
21,allom_dbh_maxheight_7,Allometry,37.333333333333336,34.0,26.0,52.0,0.019912694483563625,0.007103344174739108,0.003266367068647637
22,frag_seed_decay_rate_10,Turnover,43.333333333333336,77.0,18.0,35.0,0.010827041604192714,0.008356295694095416,0.003752780304239654
23,nfix1_9,N,43.333333333333336,103.0,3.0,24.0,0.0075437398779470985,0.015389748397299233,0.004164319591317064
24,recruit_seed_supplement_9,Other,44.0,50.0,33.0,49.0,0.015473300321735458,0.006644611611787447,0.0033098019852459
25,allom_d2h1_10,Allometry,46.666666666666664,69.0,68.0,3.0,0.012159989824615894,0.0048777419443456664,0.007538599921177035
26,nitr_store_ratio_10,N,46.666666666666664,51.0,71.0,18.0,0.014825398630212512,0.004747787402864336,0.004548492707358356
27,nitr_store_ratio_9,N,46.666666666666664,104.0,7.0,29.0,0.00750358602075209,0.010918085331252167,0.003887788259769708
28,phen_ncolddayslim,Phenology,47.0,73.0,53.0,15.0,0.011388247829118082,0.0053993058817273345,0.004901013618314891
29,stoich_phos_leaf_10,P,50.0,64.0,29.0,57.0,0.012534851599137066,0.006869743454200433,0.0030113830509931787
30,nitr_store_ratio_7,N,51.0,46.0,62.0,45.0,0.016423327917137933,0.005015985303470024,0.0034289981057873866
31,mort_scalar_hydrfailure_7,Mortality,52.0,5.0,124.0,27.0,0.04101188393783114,0.0022982987438629173,0.003911532557301273
32,recruit_seed_supplement_7,Other,52.333333333333336,33.0,31.0,93.0,0.02050823726784044,0.006769640918818631,0.002211595662728083
33,fnrt_prof_a_9,Turnover,52.333333333333336,94.0,30.0,33.0,0.008382947313887017,0.006786554561931667,0.003820770394163131
34,stoich_nitr_leaf_9,N,54.0,38.0,35.0,89.0,0.017636430979690452,0.0062528616959975246,0.0022715162108111666
35,allom_agb2_7,Allometry,54.333333333333336,29.0,63.0,71.0,0.021531339356944745,0.004995860860649167,0.0025774928107465717
36,stoich_nitr_fineroot_10,N,56.0,22.0,100.0,46.0,0.026954650327166676,0.003550179441653512,0.0033631239639246666
37,allom_d2ca_coefficient_min_9,Allometry,56.333333333333336,49.0,58.0,62.0,0.01569590183759816,0.005061731598852831,0.002909414699100159
38,frag_seed_decay_rate_7,Turnover,56.666666666666664,19.0,108.0,43.0,0.02788152251545157,0.002999148802837192,0.0035493086111164827
39,phos_retrans_9,P,57.0,59.0,76.0,36.0,0.013928330566673816,0.004448179731671479,0.0037468667528770916
40,leaf_slatop_7,Allometry,58.0,10.0,106.0,58.0,0.03764578226185312,0.0031735110897943247,0.002993936119260138
41,nitr_retrans_7,N,58.333333333333336,48.0,79.0,48.0,0.016146421432781208,0.004299925389716252,0.003319132971328467
42,maintresp_nonleaf_baserate,Other,58.666666666666664,23.0,85.0,68.0,0.025708893255442216,0.0040768751086147,0.0026453936188070826
43,allom_d2bl2_7,Allometry,59.333333333333336,21.0,56.0,101.0,0.027014045467283032,0.005116172185244109,0.0020183469816840746
44,fnrt_prof_b_7,Turnover,60.666666666666664,52.0,52.0,78.0,0.014812017404482715,0.0054297811419331665,0.0024754770636359253
45,mort_scalar_cstarvation_10,Mortality,61.0,128.0,39.0,16.0,0.005113206125226886,0.006053239118203059,0.004880501469482676
46,recruit_seed_germination_rate_9,Other,62.333333333333336,95.0,11.0,81.0,0.008342641615551448,0.009814462121893332,0.0024048600631291976
47,leaf_vcmax25top_10,Allometry,62.333333333333336,28.0,54.0,105.0,0.02249223828447232,0.005305978510233333,0.0019418065366935552
48,phos_store_ratio_10,P,63.0,83.0,102.0,4.0,0.00972483559222977,0.00350809503205875,0.007190045284876481
49,km_nh4_9,N,63.333333333333336,122.0,13.0,55.0,0.005752200522729626,0.009212598174199524,0.003221544589215139
50,allom_agb2_9,Allometry,63.666666666666664,40.0,40.0,111.0,0.017231674462623157,0.006047727290704768,0.0018404992909982314
51,vmax_nh4_7,N,64.0,8.0,69.0,115.0,0.03897417024115127,0.004836679175103184,0.0016648194588680082
52,vmax_ptase_9,P,64.66666666666667,131.0,21.0,42.0,0.00487299667672901,0.007720933241478334,0.0036258129240711004
53,allom_d2bl1_9,Allometry,65.0,87.0,17.0,91.0,0.009125448779705914,0.008840054423867847,0.0022358420799495284
54,phos_store_ratio_7,P,65.0,4.0,72.0,119.0,0.04760582464155554,0.004655398544188267,0.0015814924412460242
55,km_no3_10,N,65.66666666666667,74.0,111.0,12.0,0.011240055838650223,0.002796127304254024,0.005123110310456771
56,mort_freezetol_7,Mortality,66.0,100.0,61.0,37.0,0.007597814189656473,0.00502864912924035,0.0037377463862252507
57,stoich_phos_leaf_7,P,66.66666666666667,31.0,43.0,126.0,0.021150547070327153,0.005913040353936914,0.0014026534978893448
58,recruit_init_density_9,Other,67.0,84.0,83.0,34.0,0.009427651596005083,0.004159305399056233,0.003811533732598586
59,recruit_seed_germination_rate_7,Other,67.0,102.0,36.0,63.0,0.007561591607976586,0.006211847346740304,0.002880745214475404
60,vmax_p_7,P,68.0,3.0,78.0,123.0,0.054330653647911634,0.004398543715654667,0.0015222242262190836
61,mort_freezetol_10,Mortality,69.33333333333333,57.0,24.0,127.0,0.014237473710719718,0.007375748316551417,0.0013980741519643357
62,leaf_vcmax25top_9,Allometry,69.66666666666667,56.0,46.0,107.0,0.014244675350993944,0.00579917426365725,0.0018898422580185532
63,recruit_height_min_9,Allometry,69.66666666666667,44.0,137.0,28.0,0.016501994723089063,0.0017615854763835476,0.0039035346004670296
64,microb_bio_7,Microbial,71.0,41.0,119.0,53.0,0.017180301933350833,0.0024990173933144657,0.003253210093148213
65,recruit_seed_alloc_9,Allocation,71.0,72.0,109.0,32.0,0.01165487087927067,0.0028833948578629253,0.0038387215767447754
66,grperc_10,Other,71.66666666666667,68.0,65.0,82.0,0.012167002764778029,0.004906765041149999,0.0023876524027809836
67,mort_bmort_9,Mortality,71.66666666666667,70.0,60.0,85.0,0.012155996009745006,0.0050471017215610835,0.0023232516793394433
68,grperc_9,Other,72.66666666666667,39.0,49.0,130.0,0.017345289935278296,0.005486203303647501,0.0013375714277790904
69,fnrt_prof_b_10,Turnover,73.0,45.0,99.0,75.0,0.016484597127859345,0.00356068437907403,0.0025024910940522893
70,recruit_height_min_7,Allometry,73.0,61.0,38.0,120.0,0.013802554901128536,0.0060833335344886415,0.0015720185143655045
71,km_nh4_7,N,73.33333333333333,32.0,42.0,146.0,0.020996872236589706,0.0059156454869994995,0.0008302450383022374
72,allom_d2bl2_9,Allometry,73.33333333333333,101.0,23.0,96.0,0.007585772980630509,0.007527550869467883,0.0021308382861266874
73,allom_d2h1_9,Allometry,73.33333333333333,109.0,28.0,83.0,0.007218161254896085,0.006923035050583616,0.002386717665278168
74,recruit_seed_germination_rate_10,Other,73.66666666666667,18.0,94.0,109.0,0.028160604377814213,0.0037179340942453507,0.0018593408414970603
75,recruit_seed_supplement_10,Other,73.66666666666667,65.0,115.0,41.0,0.012412602700520818,0.002589715367762015,0.003627082064762567
76,recruit_seed_alloc_10,Allocation,74.0,81.0,82.0,59.0,0.009815835566907492,0.004181496319803911,0.00298445087445031
77,pid_ki_9,Allocation,75.0,126.0,5.0,94.0,0.00518057165427079,0.013656529031325308,0.0022058166018786205
78,recruit_init_density_10,Other,76.33333333333333,25.0,75.0,129.0,0.023362348427448262,0.00448763717774844,0.0013516709935667167
79,vmax_nh4_10,N,77.0,78.0,51.0,102.0,0.01036104534592513,0.005448114487181451,0.0019939549860498286
80,stoich_nitr_leaf_10,N,77.33333333333333,67.0,146.0,19.0,0.01219235363237966,0.0013341521684621669,0.004506141703803273
81,grperc_7,Other,77.66666666666667,53.0,80.0,100.0,0.014551184415289964,0.004255606390898917,0.0020340976744633423
82,mort_bmort_7,Mortality,77.66666666666667,86.0,86.0,61.0,0.00919254772564204,0.00397277718634645,0.002920033882813133
83,vmax_p_10,P,79.0,105.0,66.0,66.0,0.007460764885328031,0.004904582540337667,0.0027864327995280372
84,frag_seed_decay_rate_9,Turnover,79.66666666666667,112.0,10.0,117.0,0.006872173750392843,0.009854084580200694,0.0016167691559130907
85,allom_agb2_10,Allometry,80.33333333333333,80.0,110.0,51.0,0.009829042792265453,0.0028381995648084635,0.0032675561413291316
86,vmax_ptase_10,P,81.0,137.0,22.0,84.0,0.004385893128601298,0.007567356271383207,0.0023425122993122227
87,allom_dbh_maxheight_9,Allometry,82.0,117.0,55.0,74.0,0.00624316703089941,0.005207700549512417,0.0025026192940906127
88,phos_store_ratio_9,P,82.66666666666667,97.0,95.0,56.0,0.00827619357341108,0.003687243901338667,0.0031305843761328025
89,pid_kp_7,Allocation,84.0,114.0,50.0,88.0,0.006768909793770739,0.005484971298952251,0.002277465849065748
90,vmax_no3_9,N,84.66666666666667,143.0,44.0,67.0,0.0035805073572615694,0.005881323164319969,0.0027237551064388794
91,vmax_no3_7,N,85.33333333333333,35.0,81.0,140.0,0.018509928152631153,0.004219636691076917,0.0009899549381061838
92,allom_d2h2_9,Allometry,85.66666666666667,92.0,145.0,20.0,0.008511301371876808,0.0013501810119721587,0.004343601965922274
93,stoich_nitr_fineroot_9,N,86.0,136.0,84.0,38.0,0.004515619667806864,0.004103860650689877,0.0037244153226316155
94,vmax_no3_10,N,86.0,62.0,116.0,80.0,0.01343080877245033,0.002546458674929771,0.0024056390389960327
95,vmax_nh4_9,N,86.66666666666667,140.0,97.0,23.0,0.004286751321842868,0.003619581632771416,0.00419409411729951
96,mort_scalar_hydrfailure_10,Mortality,86.66666666666667,115.0,135.0,10.0,0.006613799505685536,0.0019056571831022812,0.0054289954536432695
97,allom_agb3_7,Allometry,87.0,15.0,147.0,99.0,0.02902920278822502,0.0012145376746673332,0.0020648329483934835
98,stoich_phos_fineroot_10,P,88.33333333333333,75.0,103.0,87.0,0.011188311145547308,0.003330510755057928,0.0023021672189757697
99,stoich_phos_fineroot_9,P,89.0,139.0,74.0,54.0,0.004305900353014108,0.004605075128604417,0.0032220824841824977
100,pid_kp_9,Allocation,89.33333333333333,145.0,37.0,86.0,0.00281829696676305,0.0061795653877160005,0.002314045529382307
101,nitr_retrans_10,N,89.66666666666667,93.0,64.0,112.0,0.008388174566459437,0.004976308294082242,0.001828959962929124
102,allom_dbh_maxheight_10,Allometry,90.33333333333333,76.0,130.0,65.0,0.011081596999706022,0.002050090298173149,0.0028042262891799703
103,pid_kd_7,Allocation,91.0,71.0,142.0,60.0,0.011705436802995017,0.001472070005520334,0.0029722819945610813
104,vmax_ptase_7,P,91.33333333333333,11.0,131.0,132.0,0.036078068585511464,0.002033471755831308,0.0012530438295963347
105,l2fr_ini_7,Allocation,91.66666666666667,47.0,89.0,139.0,0.01636223100782888,0.0037745225604543273,0.0010660788233445044
106,allom_agb3_10,Allometry,92.33333333333333,63.0,90.0,124.0,0.01283979548467058,0.0037285291714922813,0.001498124666991639
107,l2fr_ini_10,Allocation,93.0,88.0,101.0,90.0,0.009111687291355301,0.0035384735989242595,0.0022679601278656003
108,phos_retrans_7,P,93.33333333333333,90.0,120.0,70.0,0.008701806103496943,0.0024773849757317484,0.0026139400662657957
109,km_nh4_10,N,93.33333333333333,99.0,73.0,108.0,0.007831445325449226,0.004632650632648965,0.0018805323218060795
110,allom_d2bl1_10,Allometry,93.66666666666667,124.0,127.0,30.0,0.0055746597428803545,0.002225387315323083,0.0038735416174878403
111,allom_d2ca_coefficient_min_7,Allometry,93.66666666666667,55.0,122.0,104.0,0.014351660758949229,0.002410735193805459,0.0019454597552812916
112,alpha_ptase_10,P,94.0,132.0,144.0,6.0,0.004820458282524542,0.0013743347802151746,0.006389440846373841
113,allom_d2h2_10,Allometry,94.66666666666667,85.0,93.0,106.0,0.009324989180190868,0.0037218074713905747,0.0019254405797247394
114,recruit_seed_alloc_7,Allocation,96.0,14.0,138.0,136.0,0.029188283535515815,0.0016204345802841584,0.0011448397088489534
115,stoich_phos_leaf_9,P,96.66666666666667,82.0,92.0,116.0,0.009742125347351416,0.0037229362701475593,0.0016240507935767082
116,km_p_9,P,98.0,121.0,129.0,44.0,0.005859297256776277,0.00217288792223812,0.0035219910560307494
117,km_no3_9,N,99.33333333333333,66.0,104.0,128.0,0.012254690478258327,0.0033090522673520726,0.0013692933112668154
118,mort_scalar_cstarvation_9,Mortality,99.66666666666667,79.0,87.0,133.0,0.009873165330852033,0.0038064319582256255,0.001228945945473578
119,mort_hf_sm_threshold_7,Mortality,100.0,107.0,45.0,148.0,0.00725525738514716,0.005861442060341001,0.0006305346347342934
120,pid_kd_10,Allocation,100.66666666666667,111.0,70.0,121.0,0.0069921099605388375,0.004773071956292501,0.0015719110639488072
121,allom_d2h1_7,Allometry,102.33333333333333,16.0,148.0,143.0,0.02870165073934678,0.001127616366511834,0.0009170235314444334
122,nitr_retrans_9,N,102.66666666666667,108.0,59.0,141.0,0.007229266156099384,0.005054093256438334,0.0009712073888509062
123,recruit_init_density_7,Other,103.0,91.0,141.0,77.0,0.008536220164604376,0.0015687666955432492,0.0024814165315219005
124,alloc_storage_cushion_10,Allocation,103.0,89.0,123.0,97.0,0.00885591963072585,0.002338191876165105,0.0021207026771844217
125,pid_kp_10,Allocation,105.66666666666667,148.0,96.0,73.0,0.0020647202015727528,0.0036198991613668337,0.0025112354971691536
126,stoich_nitr_fineroot_7,N,106.33333333333333,96.0,98.0,125.0,0.008277630774747228,0.003580678886635666,0.0014091823393151996
127,turnover_fnrt_9,Turnover,107.33333333333333,120.0,107.0,95.0,0.005909803760798115,0.0030227905720805913,0.0021737751177301995
128,fnrt_prof_a_10,Turnover,107.33333333333333,119.0,105.0,98.0,0.005984396576725498,0.0032783241784714173,0.002080431482945573
129,leaf_slatop_9,Allometry,107.66666666666667,118.0,91.0,114.0,0.006165412154398072,0.0037233216356753075,0.0017276596250670679
130,allom_d2h2_7,Allometry,108.33333333333333,125.0,128.0,72.0,0.005361752809478339,0.0022055648745336796,0.0025764808047920675
131,allom_d2bl2_10,Allometry,108.66666666666667,116.0,134.0,76.0,0.00637931841795445,0.0019084834936257378,0.00249337429665247
132,allom_agb3_9,Allometry,108.66666666666667,134.0,47.0,145.0,0.0047066999985627194,0.005712348795450891,0.00087490909662676
133,turnover_fnrt_10,Turnover,112.0,141.0,126.0,69.0,0.004223878916100341,0.0022618284998726663,0.0026320748040802103
134,microb_bio_9,Microbial,112.33333333333333,127.0,88.0,122.0,0.005144488644976852,0.0037921635666285,0.0015707381734778182
135,mort_hf_sm_threshold_9,Mortality,117.0,147.0,112.0,92.0,0.0026236609508870803,0.0027592664574533337,0.0022251221574635083
136,km_p_7,P,117.66666666666667,133.0,117.0,103.0,0.004764101936015668,0.002533766818477687,0.001960140277463446
137,stoich_phos_fineroot_7,P,118.0,106.0,114.0,134.0,0.007403519401578474,0.0026465248176791075,0.001181510611922966
138,km_no3_7,N,119.0,138.0,77.0,142.0,0.0043588565292973945,0.0044330114836656775,0.000935679248987525
139,pid_ki_10,Allocation,119.33333333333333,130.0,118.0,110.0,0.004946932965560025,0.0025030038882971504,0.001855530447822337
140,km_ptase_10,P,120.33333333333333,146.0,136.0,79.0,0.0026649760118156165,0.001830729848083194,0.002435950908655892
141,alloc_store_priority_frac_7,Allocation,122.0,98.0,150.0,118.0,0.008015123994443468,0.0010030932294397582,0.0016037256223452201
142,km_p_10,P,123.0,123.0,133.0,113.0,0.0055903733436693795,0.0019518666118156294,0.0017396645823082306
143,allom_d2ca_coefficient_min_10,Allometry,126.0,110.0,121.0,147.0,0.007098182901037131,0.0024535665228313745,0.0006605682919057645
144,mort_scalar_cstarvation_7,Mortality,135.0,113.0,139.0,153.0,0.0067750180640014975,0.0016173347800918939,0.0004207712683755943
145,phos_retrans_10,P,137.0,144.0,132.0,135.0,0.003190839931868957,0.0019580765181413337,0.0011749367968953593
146,mort_bmort_10,Mortality,138.66666666666666,142.0,143.0,131.0,0.0041396703755420304,0.001418766857453226,0.0012672799635074837
147,km_ptase_9,P,139.33333333333334,154.0,113.0,151.0,0.0012188145046295679,0.002687558540960416,0.0004535126878751625
148,pid_kd_9,Allocation,139.33333333333334,129.0,151.0,138.0,0.005094005790701812,0.000893660872826797,0.0010775731996248332
149,fnrt_prof_a_7,Turnover,140.33333333333334,135.0,149.0,137.0,0.004519754582683649,0.0010338748082347753,0.0010815523708174654
150,mort_freezetol_9,Mortality,143.33333333333334,151.0,125.0,154.0,0.0018055249893944665,0.002288714233208666,0.0002629244759843332
151,alpha_ptase_9,P,145.33333333333334,152.0,140.0,144.0,0.0017368828565352795,0.0015896102656411833,0.0009067541222200999
152,mort_scalar_coldstress_7,Mortality,151.0,150.0,153.0,150.0,0.0018129416763595725,0.0005731640417356352,0.0005934143604257167
153,mort_hf_sm_threshold_10,Mortality,152.0,153.0,154.0,149.0,0.0012311769288969171,0.0004944425785074999,0.0005954218745900539
154,mort_scalar_coldstress_10,Mortality,152.33333333333334,149.0,152.0,156.0,0.0018212134111366173,0.000732460193155833,0.00011265816889238345
155,turnover_leaf_10,Turnover,155.0,158.0,155.0,152.0,4.735339547615437e-05,0.0004237880619583334,0.00043979161808750005
156,mort_scalar_coldstress_9,Mortality,155.33333333333334,155.0,156.0,155.0,0.0004635507002086744,0.0003278977489841666,0.00011926196165916659
157,alloc_store_priority_frac_9,Allocation,156.66666666666666,156.0,157.0,157.0,0.00033070744054249996,9.566835942825001e-05,1.2548362061666684e-07
158,turnover_leaf_9,Turnover,159.0,157.0,160.0,160.0,0.00029855637525000035,0.0,0.0
159,phen_mindaysoff_7,Phenology,159.66666666666666,159.0,160.0,160.0,1.7732150934166663e-05,0.0,0.0
160,phen_mindaysoff_9,Phenology,160.33333333333334,161.0,160.0,160.0,0.0,0.0,0.0
161,alloc_store_priority_frac_10,Allocation,160.33333333333334,161.0,160.0,160.0,0.0,0.0,0.0
162,phen_mindaysoff_10,Phenology,160.33333333333334,161.0,160.0,160.0,0.0,0.0,0.0
